-- phpMyAdmin SQL Dump
-- version 3.4.2
-- http://www.phpmyadmin.net
--
-- Хост: localhost
-- Время создания: Июл 25 2012 г., 15:53
-- Версия сервера: 5.5.13
-- Версия PHP: 5.3.3

SET SQL_MODE="NO_AUTO_VALUE_ON_ZERO";
SET time_zone = "+00:00";


/*!40101 SET @OLD_CHARACTER_SET_CLIENT=@@CHARACTER_SET_CLIENT */;
/*!40101 SET @OLD_CHARACTER_SET_RESULTS=@@CHARACTER_SET_RESULTS */;
/*!40101 SET @OLD_COLLATION_CONNECTION=@@COLLATION_CONNECTION */;
/*!40101 SET NAMES utf8 */;

--
-- База данных: `jcopy_db`
--

-- --------------------------------------------------------

--
-- Структура таблицы `board__bikes`
--

CREATE TABLE IF NOT EXISTS `board__bikes` (
  `id` int(11) unsigned NOT NULL AUTO_INCREMENT,
  `user_id` int(11) NOT NULL,
  `mark_id` int(11) NOT NULL,
  `model_id` int(11) NOT NULL,
  `type_id` int(11) DEFAULT NULL,
  `title` varchar(85) DEFAULT NULL,
  `content` mediumtext NOT NULL,
  `custom_name` varchar(20) DEFAULT NULL,
  `price_rur` mediumint(9) DEFAULT NULL,
  `price_brb` mediumint(9) DEFAULT NULL,
  `price_ua` mediumint(9) DEFAULT NULL,
  `price_usd` mediumint(9) DEFAULT NULL,
  `price_eur` mediumint(9) DEFAULT NULL,
  `city_id` varchar(26) DEFAULT NULL,
  `country_id` varchar(26) DEFAULT NULL,
  `kpp` tinyint(4) DEFAULT NULL,
  `volume` smallint(6) DEFAULT NULL,
  `probeg` int(11) DEFAULT NULL,
  `year` smallint(6) DEFAULT NULL,
  `power` smallint(6) DEFAULT NULL,
  `condition` varchar(20) DEFAULT NULL,
  `is_new` tinyint(4) DEFAULT NULL,
  `is_torg` tinyint(4) DEFAULT NULL,
  `is_selected` tinyint(4) DEFAULT NULL,
  `is_top` tinyint(4) DEFAULT NULL,
  `is_active` tinyint(4) DEFAULT NULL,
  `has_image` tinyint(4) DEFAULT NULL,
  `h_order` smallint(6) DEFAULT NULL,
  `reg_date` timestamp NOT NULL DEFAULT CURRENT_TIMESTAMP,
  `end_date` timestamp NOT NULL DEFAULT '0000-00-00 00:00:00',
  `skype` varchar(20) DEFAULT NULL,
  `phone` varchar(20) DEFAULT NULL,
  `icq` int(11) DEFAULT NULL,
  PRIMARY KEY (`id`),
  KEY `city_id` (`city_id`),
  KEY `country_id` (`country_id`),
  KEY `mark_id` (`mark_id`),
  KEY `model_id` (`model_id`)
) ENGINE=MyISAM  DEFAULT CHARSET=utf8 AUTO_INCREMENT=4 ;

--
-- Дамп данных таблицы `board__bikes`
--

INSERT INTO `board__bikes` (`id`, `user_id`, `mark_id`, `model_id`, `type_id`, `title`, `content`, `custom_name`, `price_rur`, `price_brb`, `price_ua`, `price_usd`, `price_eur`, `city_id`, `country_id`, `kpp`, `volume`, `probeg`, `year`, `power`, `condition`, `is_new`, `is_torg`, `is_selected`, `is_top`, `is_active`, `has_image`, `h_order`, `reg_date`, `end_date`, `skype`, `phone`, `icq`) VALUES
(1, 40, 1, 1, 503, '1212', '12', '', 1212, NULL, NULL, NULL, NULL, '2', '1', 127, 12, 1212, 2005, 12, '12', NULL, 0, NULL, NULL, 1, NULL, NULL, '2012-01-03 20:01:22', '2012-01-03 20:01:22', '12', '12', 12),
(2, 40, 1, 1, 535, '213123', '123123', '', 123123, NULL, NULL, NULL, NULL, '199', '3', 0, 123, 123, 2005, 32767, '123', NULL, 0, NULL, NULL, 1, NULL, NULL, '2012-01-05 16:03:42', '2012-01-05 16:03:42', '123123', '123123', 1231);

-- --------------------------------------------------------

--
-- Структура таблицы `board__categories`
--

CREATE TABLE IF NOT EXISTS `board__categories` (
  `cat_id` tinyint(4) NOT NULL AUTO_INCREMENT,
  `cat_name` text NOT NULL,
  `cat_translit` text,
  `h_order` tinyint(4) NOT NULL,
  PRIMARY KEY (`cat_id`)
) ENGINE=MyISAM DEFAULT CHARSET=utf8 AUTO_INCREMENT=1 ;

-- --------------------------------------------------------

--
-- Структура таблицы `board__details`
--

CREATE TABLE IF NOT EXISTS `board__details` (
  `id` int(11) unsigned NOT NULL AUTO_INCREMENT,
  `user_id` int(11) NOT NULL,
  `type_id` int(11) DEFAULT NULL,
  `mark_id` int(11) NOT NULL,
  `mark_details_id` int(11) DEFAULT NULL,
  `model_id` int(11) NOT NULL,
  `title` varchar(85) DEFAULT NULL,
  `content` mediumtext NOT NULL,
  `custom_name` varchar(20) DEFAULT NULL,
  `price_rur` mediumint(9) DEFAULT NULL,
  `price_brb` mediumint(9) DEFAULT NULL,
  `price_ua` mediumint(9) DEFAULT NULL,
  `price_usd` mediumint(9) DEFAULT NULL,
  `price_eur` mediumint(9) DEFAULT NULL,
  `city_id` varchar(26) DEFAULT NULL,
  `country_id` varchar(26) DEFAULT NULL,
  `year` smallint(6) DEFAULT NULL,
  `condition` varchar(10) DEFAULT NULL,
  `is_new` tinyint(4) DEFAULT NULL,
  `is_torg` tinyint(4) DEFAULT NULL,
  `is_selected` tinyint(4) DEFAULT NULL,
  `is_top` tinyint(4) DEFAULT NULL,
  `is_active` tinyint(4) DEFAULT NULL,
  `has_image` tinyint(4) DEFAULT NULL,
  `h_order` smallint(6) DEFAULT NULL,
  `reg_date` timestamp NOT NULL DEFAULT CURRENT_TIMESTAMP,
  `end_date` timestamp NOT NULL DEFAULT '0000-00-00 00:00:00',
  `skype` varchar(20) DEFAULT NULL,
  `phone` varchar(20) DEFAULT NULL,
  `icq` int(11) DEFAULT NULL,
  PRIMARY KEY (`id`),
  KEY `city_id` (`city_id`),
  KEY `country_id` (`country_id`),
  KEY `mark_id` (`mark_id`),
  KEY `model_id` (`model_id`)
) ENGINE=MyISAM DEFAULT CHARSET=utf8 AUTO_INCREMENT=1 ;

-- --------------------------------------------------------

--
-- Структура таблицы `board__details_names`
--

CREATE TABLE IF NOT EXISTS `board__details_names` (
  `id` int(11) NOT NULL AUTO_INCREMENT,
  `name` varchar(25) DEFAULT NULL,
  PRIMARY KEY (`id`)
) ENGINE=MyISAM DEFAULT CHARSET=utf8 AUTO_INCREMENT=1 ;

-- --------------------------------------------------------

--
-- Структура таблицы `board__options_settings`
--

CREATE TABLE IF NOT EXISTS `board__options_settings` (
  `id` int(11) NOT NULL AUTO_INCREMENT,
  `name` varchar(255) DEFAULT NULL,
  `create_date` datetime DEFAULT NULL,
  `status` enum('true','false') DEFAULT NULL,
  PRIMARY KEY (`id`)
) ENGINE=MyISAM  DEFAULT CHARSET=cp1251 AVG_ROW_LENGTH=20 AUTO_INCREMENT=154 ;

--
-- Дамп данных таблицы `board__options_settings`
--

INSERT INTO `board__options_settings` (`id`, `name`, `create_date`, `status`) VALUES
(120, 'GPS', '2011-12-26 20:23:44', 'false'),
(121, 'MP3', '2011-12-26 20:26:25', 'true'),
(148, 'климат контроль', '2011-12-27 16:58:05', 'true'),
(149, 'ABS', '2011-12-27 16:58:16', 'false'),
(150, 'Park-Tronic', '2011-12-27 16:58:24', 'false'),
(151, 'Park-Tronic', '2011-12-27 16:58:29', 'false'),
(152, 'замок', '2011-12-27 16:58:37', 'false'),
(153, 'авт.печь', '2011-12-27 16:58:46', 'false');

-- --------------------------------------------------------

--
-- Структура таблицы `board__outfit`
--

CREATE TABLE IF NOT EXISTS `board__outfit` (
  `id` int(11) unsigned NOT NULL AUTO_INCREMENT,
  `user_id` int(11) NOT NULL,
  `mark_id` int(11) NOT NULL,
  `type_id` int(11) NOT NULL,
  `kind_id` int(11) DEFAULT NULL,
  `name` varchar(20) DEFAULT NULL,
  `title` varchar(85) DEFAULT NULL,
  `content` mediumtext NOT NULL,
  `custom_name` varchar(20) DEFAULT NULL,
  `price_rur` mediumint(9) DEFAULT NULL,
  `price_brb` mediumint(9) DEFAULT NULL,
  `price_ua` mediumint(9) DEFAULT NULL,
  `price_usd` mediumint(9) DEFAULT NULL,
  `price_eur` mediumint(9) DEFAULT NULL,
  `city_id` varchar(26) DEFAULT NULL,
  `country_id` varchar(26) DEFAULT NULL,
  `condition` varchar(10) DEFAULT NULL,
  `size` varchar(20) DEFAULT NULL,
  `is_new` tinyint(4) DEFAULT NULL,
  `is_torg` tinyint(4) DEFAULT NULL,
  `is_selected` tinyint(4) DEFAULT NULL,
  `is_top` tinyint(4) DEFAULT NULL,
  `is_active` tinyint(4) DEFAULT NULL,
  `has_image` tinyint(4) DEFAULT NULL,
  `h_order` smallint(6) DEFAULT NULL,
  `reg_date` timestamp NOT NULL DEFAULT CURRENT_TIMESTAMP,
  `end_date` timestamp NOT NULL DEFAULT '0000-00-00 00:00:00',
  `skype` varchar(20) DEFAULT NULL,
  `phone` varchar(20) DEFAULT NULL,
  `icq` int(11) DEFAULT NULL,
  PRIMARY KEY (`id`),
  KEY `city_id` (`city_id`),
  KEY `country_id` (`country_id`),
  KEY `mark_id` (`mark_id`),
  KEY `type_id` (`type_id`)
) ENGINE=MyISAM DEFAULT CHARSET=utf8 AUTO_INCREMENT=1 ;

-- --------------------------------------------------------

--
-- Структура таблицы `board__photos`
--

CREATE TABLE IF NOT EXISTS `board__photos` (
  `id` int(11) NOT NULL AUTO_INCREMENT,
  `cat_id` tinyint(4) NOT NULL,
  `item_id` int(11) DEFAULT NULL,
  `alt` varchar(20) DEFAULT NULL,
  `width` smallint(6) DEFAULT NULL,
  `height` smallint(6) DEFAULT NULL,
  `reg_date` timestamp NOT NULL DEFAULT CURRENT_TIMESTAMP,
  PRIMARY KEY (`id`)
) ENGINE=MyISAM  DEFAULT CHARSET=utf8 AUTO_INCREMENT=2 ;

--
-- Дамп данных таблицы `board__photos`
--

INSERT INTO `board__photos` (`id`, `cat_id`, `item_id`, `alt`, `width`, `height`, `reg_date`) VALUES
(1, 1, 2, '', 114, 99, '2012-01-05 20:01:33');

-- --------------------------------------------------------

--
-- Структура таблицы `board__price_settings`
--

CREATE TABLE IF NOT EXISTS `board__price_settings` (
  `id` int(11) NOT NULL AUTO_INCREMENT,
  `name` varchar(255) DEFAULT NULL,
  `create_date` datetime DEFAULT NULL,
  `status` enum('true','false') DEFAULT NULL,
  PRIMARY KEY (`id`)
) ENGINE=MyISAM  DEFAULT CHARSET=cp1251 AVG_ROW_LENGTH=35 AUTO_INCREMENT=163 ;

--
-- Дамп данных таблицы `board__price_settings`
--

INSERT INTO `board__price_settings` (`id`, `name`, `create_date`, `status`) VALUES
(154, 'срочно', '2011-12-27 18:01:22', 'true'),
(155, 'новая', '2011-12-27 18:01:28', 'false'),
(156, 'аренда', '2011-12-27 18:01:34', 'false'),
(157, 'после', '2011-12-27 18:01:40', 'false'),
(158, 'кредитный', '2011-12-27 18:01:46', 'false'),
(159, 'не эксплуатировался в Украине', '2011-12-27 18:01:51', 'false'),
(160, 'не растаможен', '2011-12-27 18:01:58', 'false'),
(161, 'возможен', '2011-12-27 18:02:03', 'false'),
(162, 'ПРо', '2012-01-04 16:17:13', 'true');

-- --------------------------------------------------------

--
-- Структура таблицы `board__rel_details_marks`
--

CREATE TABLE IF NOT EXISTS `board__rel_details_marks` (
  `id_trademark` int(11) DEFAULT NULL,
  `id_details` int(11) DEFAULT NULL
) ENGINE=MyISAM DEFAULT CHARSET=utf8;

-- --------------------------------------------------------

--
-- Структура таблицы `catalog__bikes_requests`
--

CREATE TABLE IF NOT EXISTS `catalog__bikes_requests` (
  `id` int(10) unsigned NOT NULL AUTO_INCREMENT,
  `user_id` int(10) unsigned NOT NULL,
  `request` text,
  PRIMARY KEY (`id`)
) ENGINE=MyISAM DEFAULT CHARSET=utf8 AUTO_INCREMENT=1 ;

-- --------------------------------------------------------

--
-- Структура таблицы `catalog__category`
--

CREATE TABLE IF NOT EXISTS `catalog__category` (
  `id` int(11) unsigned NOT NULL AUTO_INCREMENT,
  `name` varchar(50) DEFAULT NULL,
  PRIMARY KEY (`id`)
) ENGINE=MyISAM DEFAULT CHARSET=utf8 AUTO_INCREMENT=1 ;

-- --------------------------------------------------------

--
-- Структура таблицы `catalog__data_list_property`
--

CREATE TABLE IF NOT EXISTS `catalog__data_list_property` (
  `id` int(11) unsigned NOT NULL AUTO_INCREMENT,
  `name` varchar(250) DEFAULT NULL,
  `id_property` bigint(20) unsigned NOT NULL,
  PRIMARY KEY (`id`),
  KEY `id_property` (`id_property`)
) ENGINE=MyISAM  DEFAULT CHARSET=utf8 AUTO_INCREMENT=49 ;

--
-- Дамп данных таблицы `catalog__data_list_property`
--

INSERT INTO `catalog__data_list_property` (`id`, `name`, `id_property`) VALUES
(1, '$', 4),
(2, 'Бензин', 5),
(3, 'Дизель', 5),
(4, 'Электро', 5),
(5, 'Гибрид', 5),
(6, 'Evro5', 9),
(7, 'Evro4', 9),
(8, 'Evro3', 9),
(9, 'Evro2', 9),
(10, 'Evro1', 9),
(11, 'Автоматическая', 10),
(12, 'Механическая', 10),
(13, '-', 11),
(14, 'вариатор', 11),
(15, 'tip-tronic', 11),
(16, 'step-tronic', 11),
(17, 'step-tronic', 11),
(18, 'робот', 11),
(19, 'multi-tronic', 11),
(20, '-', 12),
(21, '3', 12),
(22, '4', 12),
(23, '5', 12),
(24, '6', 12),
(25, '7', 12),
(26, '8', 12),
(27, '9', 12),
(28, 'Передний', 15),
(29, 'Задний', 15),
(30, 'Полный', 15),
(31, 'Седан', 16),
(32, 'Минивэн', 16),
(33, 'Хэтчбек', 16),
(34, 'Фургон', 16),
(35, 'Купе', 16),
(36, 'Пикап', 16),
(37, 'Универсал', 16),
(38, 'Кабриолет', 16),
(39, 'Внедорожник', 16),
(40, 'Лимузин', 16),
(41, 'Красный металик', 19),
(42, 'Синий металик', 19),
(43, 'Серебристый', 19),
(44, 'Черный бкмер', 19),
(45, 'Никокой', 19),
(46, 'Эммммммм1', 19),
(47, 'Эммммммм2', 19),
(48, 'Эммммммм3', 19);

-- --------------------------------------------------------

--
-- Структура таблицы `catalog__group_property`
--

CREATE TABLE IF NOT EXISTS `catalog__group_property` (
  `id` bigint(20) unsigned NOT NULL AUTO_INCREMENT,
  `name` varchar(250) DEFAULT NULL,
  PRIMARY KEY (`id`)
) ENGINE=MyISAM DEFAULT CHARSET=utf8 AUTO_INCREMENT=1 ;

-- --------------------------------------------------------

--
-- Структура таблицы `catalog__group_property_items`
--

CREATE TABLE IF NOT EXISTS `catalog__group_property_items` (
  `id_group_property_property` bigint(20) unsigned DEFAULT NULL,
  `property_id` bigint(20) unsigned DEFAULT NULL,
  KEY `fk_relationship_5` (`property_id`),
  KEY `fk_relationship_6` (`id_group_property_property`)
) ENGINE=MyISAM DEFAULT CHARSET=utf8;

-- --------------------------------------------------------

--
-- Структура таблицы `catalog__links_metadata`
--

CREATE TABLE IF NOT EXISTS `catalog__links_metadata` (
  `id` bigint(20) unsigned NOT NULL AUTO_INCREMENT,
  `met_id` bigint(20) unsigned DEFAULT NULL,
  `sim_id` bigint(20) unsigned DEFAULT NULL,
  `code_table` int(11) unsigned NOT NULL,
  `number_view` bigint(20) DEFAULT NULL,
  PRIMARY KEY (`id`),
  KEY `code_table` (`code_table`),
  KEY `fk_relationship_11` (`met_id`),
  KEY `fk_relationship_9` (`sim_id`)
) ENGINE=MyISAM DEFAULT CHARSET=utf8 AUTO_INCREMENT=1 ;

-- --------------------------------------------------------

--
-- Структура таблицы `catalog__list_table`
--

CREATE TABLE IF NOT EXISTS `catalog__list_table` (
  `id` int(11) unsigned NOT NULL,
  `name_table` varchar(250) DEFAULT NULL,
  UNIQUE KEY `id` (`id`)
) ENGINE=MyISAM DEFAULT CHARSET=utf8 COMMENT='innodb free: 3072 kb';

-- --------------------------------------------------------

--
-- Структура таблицы `catalog__metadata`
--

CREATE TABLE IF NOT EXISTS `catalog__metadata` (
  `id` bigint(20) unsigned NOT NULL AUTO_INCREMENT,
  `id_type_metadata` bigint(20) unsigned DEFAULT NULL,
  `file_name` text,
  `originalFileName` varchar(64) DEFAULT NULL,
  PRIMARY KEY (`id`),
  KEY `fk_relationship_12` (`id_type_metadata`)
) ENGINE=MyISAM  DEFAULT CHARSET=utf8 AUTO_INCREMENT=4 ;

--
-- Дамп данных таблицы `catalog__metadata`
--

INSERT INTO `catalog__metadata` (`id`, `id_type_metadata`, `file_name`, `originalFileName`) VALUES
(1, 5, 'BMW.jpg', NULL),
(2, 5, 'Ducati.jpg', NULL),
(3, 5, '1232.jpg', NULL);

-- --------------------------------------------------------

--
-- Структура таблицы `catalog__model`
--

CREATE TABLE IF NOT EXISTS `catalog__model` (
  `id` bigint(20) unsigned NOT NULL AUTO_INCREMENT,
  `id_trademark` bigint(20) unsigned DEFAULT NULL,
  `primary_image` bigint(20) unsigned DEFAULT NULL,
  `name` varchar(250) DEFAULT NULL,
  `description` varchar(250) DEFAULT NULL,
  `display` tinyint(4) DEFAULT '0',
  PRIMARY KEY (`id`),
  KEY `fk_trademark_model` (`id_trademark`),
  KEY `primary_image` (`primary_image`)
) ENGINE=MyISAM  DEFAULT CHARSET=utf8 AUTO_INCREMENT=8 ;

--
-- Дамп данных таблицы `catalog__model`
--

INSERT INTO `catalog__model` (`id`, `id_trademark`, `primary_image`, `name`, `description`, `display`) VALUES
(1, 1, NULL, 'X5', NULL, 1),
(2, 1, NULL, 'X6', NULL, 1),
(3, 1, NULL, 'X7', NULL, 1),
(4, 2, NULL, 'fire', NULL, NULL),
(5, 3, NULL, 'honda', NULL, NULL),
(6, 1, NULL, 'X8', NULL, NULL);

-- --------------------------------------------------------

--
-- Структура таблицы `catalog__model_god`
--

CREATE TABLE IF NOT EXISTS `catalog__model_god` (
  `id` int(11) unsigned NOT NULL AUTO_INCREMENT,
  `id_model` bigint(20) unsigned DEFAULT NULL,
  `god` varchar(250) DEFAULT NULL,
  `id_photo` int(11) DEFAULT NULL,
  `display` tinyint(4) DEFAULT '0',
  `modification_id` int(11) DEFAULT NULL,
  PRIMARY KEY (`id`),
  KEY `id_model` (`id_model`),
  KEY `photo_id` (`id_photo`)
) ENGINE=MyISAM  DEFAULT CHARSET=utf8 AVG_ROW_LENGTH=24 AUTO_INCREMENT=32 ;

--
-- Дамп данных таблицы `catalog__model_god`
--

INSERT INTO `catalog__model_god` (`id`, `id_model`, `god`, `id_photo`, `display`, `modification_id`) VALUES
(1, 1, '2005', NULL, 1, NULL),
(2, 1, '2006', NULL, 1, NULL),
(3, 1, '2007', NULL, 1, NULL),
(4, 1, '2008', NULL, 1, NULL),
(5, 4, '2001', NULL, NULL, NULL),
(6, 4, '2000', NULL, NULL, NULL),
(7, 4, '1999', NULL, NULL, NULL),
(8, 5, '1999', NULL, NULL, NULL),
(9, 5, '2000', NULL, NULL, NULL),
(10, 5, '2001', NULL, NULL, NULL),
(15, NULL, '12', NULL, 1, 21),
(17, NULL, 'sdh лор', NULL, 1, 21),
(30, NULL, '1993', NULL, NULL, 13),
(18, NULL, '12', NULL, NULL, 22),
(19, NULL, '2', NULL, NULL, 22),
(20, NULL, '211', NULL, NULL, 22),
(31, NULL, '1994', NULL, NULL, 13);

-- --------------------------------------------------------

--
-- Структура таблицы `catalog__model_modification`
--

CREATE TABLE IF NOT EXISTS `catalog__model_modification` (
  `id` int(11) unsigned NOT NULL AUTO_INCREMENT,
  `id_model` bigint(20) unsigned NOT NULL,
  `modification` varchar(250) DEFAULT NULL,
  `display` tinyint(4) DEFAULT '0',
  PRIMARY KEY (`id`),
  KEY `id_model` (`id_model`)
) ENGINE=MyISAM  DEFAULT CHARSET=utf8 AVG_ROW_LENGTH=24 AUTO_INCREMENT=25 ;

--
-- Дамп данных таблицы `catalog__model_modification`
--

INSERT INTO `catalog__model_modification` (`id`, `id_model`, `modification`, `display`) VALUES
(13, 1, '1212', 1),
(22, 4, 'ии', 0),
(21, 1, 'test', 0),
(23, 1, '1512', NULL),
(24, 1, 'WWW', NULL);

-- --------------------------------------------------------

--
-- Структура таблицы `catalog__model_property`
--

CREATE TABLE IF NOT EXISTS `catalog__model_property` (
  `id` bigint(20) unsigned NOT NULL AUTO_INCREMENT,
  `id_property` bigint(20) unsigned NOT NULL,
  `id_modification` int(11) DEFAULT NULL,
  `id_model` int(10) unsigned DEFAULT NULL,
  `id_model_god` int(11) unsigned DEFAULT NULL,
  `value` varchar(500) DEFAULT NULL,
  `value_list` int(11) DEFAULT NULL,
  `flag_disc` int(11) DEFAULT '0' COMMENT '0 - нет участия в кратком описании\r\n            1 - учавствует в кратком описании',
  PRIMARY KEY (`id`),
  KEY `fk_relationship_7` (`id_property`),
  KEY `fk_relationship_8` (`id_model_god`),
  KEY `id_model` (`id_model`)
) ENGINE=MyISAM  DEFAULT CHARSET=utf8 AVG_ROW_LENGTH=45 AUTO_INCREMENT=788 ;

--
-- Дамп данных таблицы `catalog__model_property`
--

INSERT INTO `catalog__model_property` (`id`, `id_property`, `id_modification`, `id_model`, `id_model_god`, `value`, `value_list`, `flag_disc`) VALUES
(568, 4, NULL, NULL, 15, NULL, 1, NULL),
(786, 6, 13, NULL, NULL, '123123123123', NULL, NULL),
(765, 2, NULL, NULL, 30, 'qw112', NULL, NULL),
(764, 19, NULL, NULL, 30, NULL, 48, NULL),
(763, 19, NULL, NULL, 30, NULL, 47, NULL),
(762, 19, NULL, NULL, 30, NULL, 46, NULL),
(761, 19, NULL, NULL, 30, NULL, 45, NULL),
(760, 19, NULL, NULL, 30, NULL, 44, NULL),
(759, 19, NULL, NULL, 30, NULL, 43, NULL),
(758, 19, NULL, NULL, 30, NULL, 42, NULL),
(757, 16, NULL, NULL, 30, NULL, 40, NULL),
(756, 16, NULL, NULL, 30, NULL, 39, NULL),
(755, 16, NULL, NULL, 30, NULL, 38, NULL),
(754, 16, NULL, NULL, 30, NULL, 37, NULL),
(753, 16, NULL, NULL, 30, NULL, 36, NULL),
(752, 16, NULL, NULL, 30, NULL, 35, NULL),
(751, 16, NULL, NULL, 30, NULL, 34, NULL),
(750, 16, NULL, NULL, 30, NULL, 33, NULL),
(749, 16, NULL, NULL, 30, NULL, 32, NULL),
(748, 15, NULL, NULL, 30, NULL, 30, NULL),
(747, 15, NULL, NULL, 30, NULL, 29, NULL),
(746, 12, NULL, NULL, 30, NULL, 27, NULL),
(745, 12, NULL, NULL, 30, NULL, 26, NULL),
(744, 12, NULL, NULL, 30, NULL, 25, NULL),
(743, 12, NULL, NULL, 30, NULL, 24, NULL),
(742, 12, NULL, NULL, 30, NULL, 23, NULL),
(741, 12, NULL, NULL, 30, NULL, 22, NULL),
(740, 12, NULL, NULL, 30, NULL, 21, NULL),
(739, 11, NULL, NULL, 30, NULL, 19, NULL),
(738, 11, NULL, NULL, 30, NULL, 18, NULL),
(737, 11, NULL, NULL, 30, NULL, 17, NULL),
(736, 11, NULL, NULL, 30, NULL, 16, NULL),
(735, 11, NULL, NULL, 30, NULL, 15, NULL),
(734, 11, NULL, NULL, 30, NULL, 14, NULL),
(733, 10, NULL, NULL, 30, NULL, 12, NULL),
(732, 10, NULL, NULL, 30, NULL, 11, NULL),
(731, 9, NULL, NULL, 30, NULL, 10, NULL),
(730, 9, NULL, NULL, 30, NULL, 9, NULL),
(729, 9, NULL, NULL, 30, NULL, 8, NULL),
(728, 9, NULL, NULL, 30, NULL, 7, NULL),
(727, 5, NULL, NULL, 30, NULL, 5, NULL),
(668, 5, 21, NULL, NULL, NULL, 5, NULL),
(637, 2, NULL, 4, NULL, '-90', NULL, NULL),
(636, 5, NULL, 4, NULL, NULL, 2, NULL),
(635, 4, NULL, 4, NULL, NULL, 1, NULL),
(661, 5, NULL, 1, NULL, NULL, 2, NULL),
(667, 5, 21, NULL, NULL, NULL, 4, NULL),
(726, 5, NULL, NULL, 30, NULL, 2, NULL),
(785, 3, 13, NULL, NULL, '123123123', NULL, NULL),
(666, 4, 21, NULL, NULL, NULL, 1, NULL),
(774, 5, NULL, NULL, 31, NULL, 2, NULL),
(773, 4, NULL, NULL, 31, NULL, 1, NULL),
(660, 4, NULL, 1, NULL, NULL, 1, NULL),
(662, 19, NULL, 1, NULL, NULL, 44, NULL),
(663, 19, NULL, 1, NULL, NULL, 45, NULL),
(664, 2, NULL, 1, NULL, '123', NULL, NULL),
(665, 18, NULL, 1, NULL, '123', NULL, NULL),
(669, 2, 21, NULL, NULL, 'Модифи', NULL, NULL),
(784, 2, 13, NULL, NULL, '456', NULL, NULL),
(783, 5, 13, NULL, NULL, NULL, 4, NULL),
(782, 5, 13, NULL, NULL, NULL, 3, NULL),
(781, 5, 13, NULL, NULL, NULL, 2, NULL),
(780, 4, 13, NULL, NULL, NULL, 1, NULL),
(775, 5, NULL, NULL, 31, NULL, 3, NULL),
(776, 2, NULL, NULL, 31, '456', NULL, NULL),
(777, 3, NULL, NULL, 31, '123123123', NULL, NULL),
(778, 6, NULL, NULL, 31, '123123123123', NULL, NULL),
(779, 7, NULL, NULL, 31, '123123', NULL, NULL),
(787, 7, 13, NULL, NULL, '123123', NULL, NULL);

-- --------------------------------------------------------

--
-- Структура таблицы `catalog__outfit`
--

CREATE TABLE IF NOT EXISTS `catalog__outfit` (
  `cid` int(10) unsigned NOT NULL AUTO_INCREMENT,
  `cleft` int(10) unsigned NOT NULL DEFAULT '0',
  `cright` int(10) unsigned NOT NULL DEFAULT '0',
  `clevel` int(10) unsigned NOT NULL DEFAULT '0',
  `title` varchar(25) DEFAULT NULL,
  `h_order` int(11) DEFAULT NULL,
  `value` varchar(20) DEFAULT NULL,
  PRIMARY KEY (`cid`),
  KEY `cleft` (`cleft`,`cright`,`clevel`)
) ENGINE=MyISAM DEFAULT CHARSET=utf8 AUTO_INCREMENT=1 ;

-- --------------------------------------------------------

--
-- Структура таблицы `catalog__property`
--

CREATE TABLE IF NOT EXISTS `catalog__property` (
  `id` bigint(20) unsigned NOT NULL AUTO_INCREMENT,
  `name` varchar(250) DEFAULT NULL,
  `id_unit_dimension` bigint(20) unsigned DEFAULT NULL,
  `id_type_property` bigint(20) unsigned DEFAULT NULL,
  `short_view` tinyint(1) DEFAULT '0',
  `list_view` tinyint(1) DEFAULT '0',
  `full_view` tinyint(1) DEFAULT '0',
  `bboard_view` tinyint(1) DEFAULT '0',
  `id_type_auto` bigint(20) unsigned DEFAULT NULL,
  `description` text,
  PRIMARY KEY (`id`),
  KEY `fk_type_property_property` (`id_type_property`),
  KEY `fk_unit_dimension_property` (`id_unit_dimension`),
  KEY `id_type_auto` (`id_type_auto`)
) ENGINE=MyISAM  DEFAULT CHARSET=utf8 COMMENT='таблица свойств объектов' AUTO_INCREMENT=20 ;

--
-- Дамп данных таблицы `catalog__property`
--

INSERT INTO `catalog__property` (`id`, `name`, `id_unit_dimension`, `id_type_property`, `short_view`, `list_view`, `full_view`, `bboard_view`, `id_type_auto`, `description`) VALUES
(2, 'Модификация', 0, 4, NULL, NULL, NULL, NULL, 1, 'Модификация'),
(3, 'Цена', 3, 1, NULL, NULL, NULL, NULL, 1, ''),
(4, 'В', 2, 3, NULL, NULL, NULL, NULL, 1, 'Цена в'),
(5, 'Тип двигателя', 1, 3, NULL, NULL, NULL, NULL, 1, 'Тип двигателя\n\n'),
(6, 'Объем двигателя', 0, 2, NULL, NULL, NULL, NULL, 1, 'Объем двигателя'),
(7, 'Мощность двигателя ', 0, 2, NULL, NULL, NULL, NULL, 1, 'Мощность двигателя '),
(8, 'Модификация двигателя ', 0, 4, NULL, NULL, NULL, NULL, 1, ''),
(9, 'Экологические нормы ', 0, 3, NULL, NULL, NULL, NULL, 1, 'Экологические нормы '),
(10, 'Коробка передач ', 0, 3, NULL, NULL, NULL, NULL, 1, 'Коробка передач '),
(11, 'Вид автоматической КПП', 0, 3, NULL, NULL, NULL, NULL, 1, 'Вид автоматической КПП'),
(12, 'Кол-во ступеней КПП ', 0, 3, NULL, NULL, NULL, NULL, 1, 'Кол-во ступеней КПП '),
(13, 'Пробег', 0, 2, NULL, NULL, NULL, NULL, 1, 'Пробег'),
(14, 'Кап. ремонт', 0, 4, NULL, NULL, NULL, NULL, 1, 'Кап. ремонт'),
(15, 'Привод', 0, 3, NULL, NULL, NULL, NULL, 1, 'Привод'),
(16, 'Кузов', 0, 3, NULL, NULL, NULL, NULL, 1, 'Кузов шмузов дылаво лцыао лщыфова щлыовад лфыовадл оывдла оыдлваоа лдыводлывдал оыдлваод лвцадл оывдлао дылвао длывоа длывоа дллывоа лывдла оыдвлао дывлао длывао дылвао длывоа дылфвоад лфоывазщшцой ушоцщшуо ылчтс остмттсмт явлтмт цукшшцш укзш щцшуао щуцао дылвтсмтлдвт адлыоудшл оцудлао улоимащшпио гзщцуш укцш зщукзщ укщшп ушгиваипло вато туолавт ловат отуацшукщ шцузщкш зщцуш зщцушщз удлтмвбьмтлво а тсчьтбьчс тбьсть бьчст мбьчст бьчсмт бчсьт чсдлоывлдаывщшаогывщшао ывщшоыв щшоыщвш оывщшао ыщвшао щшывоа щшывоа щшывоа щшывоашгыуралоывт алоывтаы твалот ывлоа тывлоат лоывта лоывтадлывта'),
(17, 'Мест', 0, 1, NULL, NULL, NULL, NULL, 1, 'Мест'),
(18, 'Двери', 0, 1, NULL, NULL, NULL, NULL, 1, 'Двери'),
(19, 'Цвет', 0, 3, NULL, NULL, NULL, NULL, 1, 'Цвет');

-- --------------------------------------------------------

--
-- Структура таблицы `catalog__semantic_type_data`
--

CREATE TABLE IF NOT EXISTS `catalog__semantic_type_data` (
  `id` bigint(20) unsigned NOT NULL AUTO_INCREMENT,
  `name` varchar(250) DEFAULT NULL,
  PRIMARY KEY (`id`)
) ENGINE=MyISAM DEFAULT CHARSET=utf8 AUTO_INCREMENT=1 ;

-- --------------------------------------------------------

--
-- Структура таблицы `catalog__trademark`
--

CREATE TABLE IF NOT EXISTS `catalog__trademark` (
  `id` bigint(20) unsigned NOT NULL AUTO_INCREMENT,
  `name` varchar(250) DEFAULT NULL,
  `id_type_auto` bigint(20) unsigned DEFAULT NULL,
  `id_country` int(11) unsigned NOT NULL,
  `logo_id` bigint(20) unsigned DEFAULT '0',
  PRIMARY KEY (`id`),
  KEY `fk_type_auto_trademark` (`id_type_auto`),
  KEY `id_country` (`id_country`),
  KEY `logo_id` (`logo_id`)
) ENGINE=MyISAM  DEFAULT CHARSET=utf8 AVG_ROW_LENGTH=39 AUTO_INCREMENT=134 ;

--
-- Дамп данных таблицы `catalog__trademark`
--

INSERT INTO `catalog__trademark` (`id`, `name`, `id_type_auto`, `id_country`, `logo_id`) VALUES
(1, 'BMW', 1, 45, 1),
(4, 'Sorel', 4, 182, 1),
(2, 'Ducati', 1, 66, 2),
(3, 'Honda', 1, 182, 3),
(127, '12', 1, 3, 1),
(132, '1232', 1, 2, 0),
(133, 'ыва', 1, 0, 0);

-- --------------------------------------------------------

--
-- Структура таблицы `catalog__type_auto`
--

CREATE TABLE IF NOT EXISTS `catalog__type_auto` (
  `id` bigint(20) unsigned NOT NULL AUTO_INCREMENT,
  `name` varchar(250) DEFAULT NULL,
  PRIMARY KEY (`id`)
) ENGINE=MyISAM  DEFAULT CHARSET=utf8 AUTO_INCREMENT=5 ;

--
-- Дамп данных таблицы `catalog__type_auto`
--

INSERT INTO `catalog__type_auto` (`id`, `name`) VALUES
(1, 'мотоцикл'),
(2, 'мопед');

-- --------------------------------------------------------

--
-- Структура таблицы `catalog__type_metadata`
--

CREATE TABLE IF NOT EXISTS `catalog__type_metadata` (
  `id` bigint(20) unsigned NOT NULL AUTO_INCREMENT,
  `name` varchar(250) DEFAULT NULL,
  `path` varchar(255) DEFAULT NULL,
  PRIMARY KEY (`id`)
) ENGINE=MyISAM  DEFAULT CHARSET=utf8 COMMENT='типы метаданных' AUTO_INCREMENT=6 ;

--
-- Дамп данных таблицы `catalog__type_metadata`
--

INSERT INTO `catalog__type_metadata` (`id`, `name`, `path`) VALUES
(1, 'текст', 'DB'),
(2, 'картинка', 'pic'),
(3, 'видео', 'video'),
(4, 'флэш', 'flash'),
(5, 'логотип', 'logo');

-- --------------------------------------------------------

--
-- Структура таблицы `catalog__type_property`
--

CREATE TABLE IF NOT EXISTS `catalog__type_property` (
  `id` bigint(20) unsigned NOT NULL AUTO_INCREMENT,
  `name` varchar(250) DEFAULT NULL,
  PRIMARY KEY (`id`)
) ENGINE=MyISAM  DEFAULT CHARSET=utf8 COMMENT='таблица типов свойств' AUTO_INCREMENT=8 ;

--
-- Дамп данных таблицы `catalog__type_property`
--

INSERT INTO `catalog__type_property` (`id`, `name`) VALUES
(1, 'целое число'),
(2, 'дробное число'),
(3, 'список свойств'),
(4, 'текст'),
(5, 'сборное из нескольких'),
(6, 'время в секундах'),
(7, 'картинка');

-- --------------------------------------------------------

--
-- Структура таблицы `catalog__unit_dimension`
--

CREATE TABLE IF NOT EXISTS `catalog__unit_dimension` (
  `id` bigint(20) unsigned NOT NULL AUTO_INCREMENT,
  `name` varchar(250) DEFAULT NULL,
  PRIMARY KEY (`id`)
) ENGINE=MyISAM DEFAULT CHARSET=utf8 AUTO_INCREMENT=1 ;

-- --------------------------------------------------------

--
-- Структура таблицы `geocodes`
--

CREATE TABLE IF NOT EXISTS `geocodes` (
  `address` varchar(255) NOT NULL DEFAULT '',
  `lon` float DEFAULT NULL,
  `lat` float DEFAULT NULL,
  PRIMARY KEY (`address`)
) ENGINE=MyISAM DEFAULT CHARSET=utf8;

-- --------------------------------------------------------

--
-- Структура таблицы `location__cities`
--

CREATE TABLE IF NOT EXISTS `location__cities` (
  `id` int(11) NOT NULL AUTO_INCREMENT,
  `country_id` int(11) unsigned NOT NULL,
  `name` varchar(150) DEFAULT NULL,
  `latitude` float(9,5) DEFAULT NULL,
  `longitude` float(9,5) DEFAULT NULL,
  `status` enum('system','user') NOT NULL,
  PRIMARY KEY (`id`),
  KEY `location__cities_fk` (`country_id`)
) ENGINE=MyISAM  DEFAULT CHARSET=utf8 AUTO_INCREMENT=303 ;

--
-- Дамп данных таблицы `location__cities`
--

INSERT INTO `location__cities` (`id`, `country_id`, `name`, `latitude`, `longitude`, `status`) VALUES
(1, 1, 'Абакан', NULL, NULL, 'system'),
(2, 1, 'Альметьевск', NULL, NULL, 'system'),
(3, 1, 'Ангарск', NULL, NULL, 'system'),
(4, 1, 'Арзамас', NULL, NULL, 'system'),
(5, 1, 'Армавир', NULL, NULL, 'system'),
(6, 1, 'Архангельск', NULL, NULL, 'system'),
(7, 1, 'Астрахань', NULL, NULL, 'system'),
(8, 1, 'Ачинск', NULL, NULL, 'system'),
(9, 1, 'Балаково', NULL, NULL, 'system'),
(10, 1, 'Балашиха', NULL, NULL, 'system'),
(11, 1, 'Барнаул', NULL, NULL, 'system'),
(12, 1, 'Батайск', NULL, NULL, 'system'),
(13, 1, 'Белгород', NULL, NULL, 'system'),
(14, 1, 'Березники', NULL, NULL, 'system'),
(15, 1, 'Бийск', NULL, NULL, 'system'),
(16, 1, 'Благовещенск', NULL, NULL, 'system'),
(17, 1, 'Братск', NULL, NULL, 'system'),
(18, 1, 'Брянск', NULL, NULL, 'system'),
(19, 1, 'Великие Луки', NULL, NULL, 'system'),
(20, 1, 'Великий Новгород', NULL, NULL, 'system'),
(21, 1, 'Владивосток', NULL, NULL, 'system'),
(22, 1, 'Владикавказ', NULL, NULL, 'system'),
(23, 1, 'Владимир', NULL, NULL, 'system'),
(24, 1, 'Волгоград', NULL, NULL, 'system'),
(25, 1, 'Волгодонск', NULL, NULL, 'system'),
(26, 1, 'Волжский', NULL, NULL, 'system'),
(27, 1, 'Вологда', NULL, NULL, 'system'),
(28, 1, 'Воронеж', NULL, NULL, 'system'),
(29, 1, 'Глазов', NULL, NULL, 'system'),
(30, 1, 'Грозный', NULL, NULL, 'system'),
(31, 1, 'Дербент', NULL, NULL, 'system'),
(32, 1, 'Дзержинск', NULL, NULL, 'system'),
(33, 1, 'Димитровград', NULL, NULL, 'system'),
(34, 1, 'Донецк', NULL, NULL, 'system'),
(35, 1, 'Екатеринбург', NULL, NULL, 'system'),
(36, 1, 'Елец', NULL, NULL, 'system'),
(37, 1, 'Железнодорожный', NULL, NULL, 'system'),
(38, 1, 'Жуковский', NULL, NULL, 'system'),
(39, 1, 'Златоуст', NULL, NULL, 'system'),
(40, 1, 'Иваново', NULL, NULL, 'system'),
(41, 1, 'Ижевск', NULL, NULL, 'system'),
(42, 1, 'Иркутск', NULL, NULL, 'system'),
(43, 1, 'Йошкар-Ола', NULL, NULL, 'system'),
(44, 1, 'Казань', NULL, NULL, 'system'),
(45, 1, 'Калининград', NULL, NULL, 'system'),
(46, 1, 'Калуга', NULL, NULL, 'system'),
(47, 1, 'Каменск-Уральский', NULL, NULL, 'system'),
(48, 1, 'Камышин', NULL, NULL, 'system'),
(49, 1, 'Канск', NULL, NULL, 'system'),
(50, 1, 'Кемерово', NULL, NULL, 'system'),
(51, 1, 'Киев', NULL, NULL, 'system'),
(52, 1, 'Киров', NULL, NULL, 'system'),
(53, 1, 'Киселёвск', NULL, NULL, 'system'),
(54, 1, 'Кисловодск', NULL, NULL, 'system'),
(55, 1, 'Ковров', NULL, NULL, 'system'),
(56, 1, 'Коломна', NULL, NULL, 'system'),
(57, 1, 'Комсомольск-на-Амуре', NULL, NULL, 'system'),
(58, 1, 'Копейск', NULL, NULL, 'system'),
(59, 1, 'Королёв', NULL, NULL, 'system'),
(60, 1, 'Кострома', NULL, NULL, 'system'),
(61, 1, 'Краснодар', NULL, NULL, 'system'),
(62, 1, 'Красноярск', NULL, NULL, 'system'),
(63, 1, 'Курган', NULL, NULL, 'system'),
(64, 1, 'Курск', NULL, NULL, 'system'),
(65, 1, 'Кызыл', NULL, NULL, 'system'),
(66, 1, 'Ленинск-Кузнецкий', NULL, NULL, 'system'),
(67, 1, 'Липецк', NULL, NULL, 'system'),
(68, 1, 'Луганск', NULL, NULL, 'system'),
(69, 1, 'Львов', NULL, NULL, 'system'),
(70, 1, 'Люберцы', NULL, NULL, 'system'),
(71, 1, 'Магнитогорск', NULL, NULL, 'system'),
(72, 1, 'Майкоп', NULL, NULL, 'system'),
(73, 1, 'Махачкала', NULL, NULL, 'system'),
(74, 1, 'Междуреченск', NULL, NULL, 'system'),
(75, 1, 'Миасс', NULL, NULL, 'system'),
(76, 1, 'Москва', NULL, NULL, 'system'),
(77, 1, 'Мурманск', NULL, NULL, 'system'),
(78, 1, 'Муром', NULL, NULL, 'system'),
(79, 1, 'Мытищи', NULL, NULL, 'system'),
(80, 1, 'Набережные Челны', NULL, NULL, 'system'),
(81, 1, 'Назрань', NULL, NULL, 'system'),
(82, 1, 'Нальчик', NULL, NULL, 'system'),
(83, 1, 'Находка', NULL, NULL, 'system'),
(84, 1, 'Невинномысск', NULL, NULL, 'system'),
(85, 1, 'Нефтекамск', NULL, NULL, 'system'),
(86, 1, 'Нефтеюганск', NULL, NULL, 'system'),
(87, 1, 'Нижневартовск', NULL, NULL, 'system'),
(88, 1, 'Нижнекамск', NULL, NULL, 'system'),
(89, 1, 'Нижний Новгород', NULL, NULL, 'system'),
(90, 1, 'Нижний Тагил', NULL, NULL, 'system'),
(91, 1, 'Новокузнецк', NULL, NULL, 'system'),
(92, 1, 'Новокуйбышевск', NULL, NULL, 'system'),
(93, 1, 'Новомосковск', NULL, NULL, 'system'),
(94, 1, 'Новороссийск', NULL, NULL, 'system'),
(95, 1, 'Новосибирск', NULL, NULL, 'system'),
(96, 1, 'Новотроицк', NULL, NULL, 'system'),
(97, 1, 'Новочебоксарск', NULL, NULL, 'system'),
(98, 1, 'Новочеркасск', NULL, NULL, 'system'),
(99, 1, 'Новошахтинск', NULL, NULL, 'system'),
(100, 1, 'Новый Уренгой', NULL, NULL, 'system'),
(101, 1, 'Ногинск', NULL, NULL, 'system'),
(102, 1, 'Норильск', NULL, NULL, 'system'),
(103, 1, 'Ноябрьск', NULL, NULL, 'system'),
(104, 1, 'Обнинск', NULL, NULL, 'system'),
(105, 1, 'Одесса', NULL, NULL, 'system'),
(106, 1, 'Одинцово', NULL, NULL, 'system'),
(107, 1, 'Октябрьский', NULL, NULL, 'system'),
(108, 1, 'Омск', NULL, NULL, 'system'),
(109, 1, 'Орёл', NULL, NULL, 'system'),
(110, 1, 'Оренбург', NULL, NULL, 'system'),
(111, 1, 'Орехово-Зуево', NULL, NULL, 'system'),
(112, 1, 'Орск', NULL, NULL, 'system'),
(113, 1, 'Пенза', NULL, NULL, 'system'),
(114, 1, 'Первоуральск', NULL, NULL, 'system'),
(115, 1, 'Пермь', NULL, NULL, 'system'),
(116, 1, 'Петрозаводск', NULL, NULL, 'system'),
(117, 1, 'Петропавловск-Камчатский', NULL, NULL, 'system'),
(118, 1, 'Подольск', NULL, NULL, 'system'),
(119, 1, 'Прокопьевск', NULL, NULL, 'system'),
(120, 1, 'Псков', NULL, NULL, 'system'),
(121, 1, 'Пятигорск', NULL, NULL, 'system'),
(122, 1, 'Ростов-на-Дону', NULL, NULL, 'system'),
(123, 1, 'Рубцовск', NULL, NULL, 'system'),
(124, 1, 'Рыбинск', NULL, NULL, 'system'),
(125, 1, 'Рязань', NULL, NULL, 'system'),
(126, 1, 'Салават', NULL, NULL, 'system'),
(127, 1, 'Самара', NULL, NULL, 'system'),
(128, 1, 'Санкт-Петербург', NULL, NULL, 'system'),
(129, 1, 'Саранск', NULL, NULL, 'system'),
(130, 1, 'Саратов', NULL, NULL, 'system'),
(131, 1, 'Северодвинск', NULL, NULL, 'system'),
(132, 1, 'Северск', NULL, NULL, 'system'),
(133, 1, 'Сергиев Посад', NULL, NULL, 'system'),
(134, 1, 'Серпухов', NULL, NULL, 'system'),
(135, 1, 'Смоленск', NULL, NULL, 'system'),
(136, 1, 'Сочи', NULL, NULL, 'system'),
(137, 1, 'Ставрополь', NULL, NULL, 'system'),
(138, 1, 'Старый Оскол', NULL, NULL, 'system'),
(139, 1, 'Стерлитамак', NULL, NULL, 'system'),
(140, 1, 'Сургут', NULL, NULL, 'system'),
(141, 1, 'Сызрань', NULL, NULL, 'system'),
(142, 1, 'Сыктывкар', NULL, NULL, 'system'),
(143, 1, 'Таганрог', NULL, NULL, 'system'),
(144, 1, 'Тамбов', NULL, NULL, 'system'),
(145, 1, 'Тверь', NULL, NULL, 'system'),
(146, 1, 'Тобольск', NULL, NULL, 'system'),
(147, 1, 'Тольятти', NULL, NULL, 'system'),
(148, 1, 'Томск', NULL, NULL, 'system'),
(149, 1, 'Тула', NULL, NULL, 'system'),
(150, 1, 'Тюмень', NULL, NULL, 'system'),
(151, 1, 'Улан-Удэ', NULL, NULL, 'system'),
(152, 1, 'Ульяновск', NULL, NULL, 'system'),
(153, 1, 'Уссурийск', NULL, NULL, 'system'),
(154, 1, 'Уфа', NULL, NULL, 'system'),
(155, 1, 'Ухта', NULL, NULL, 'system'),
(156, 1, 'Хабаровск', NULL, NULL, 'system'),
(157, 1, 'Харьков', NULL, NULL, 'system'),
(158, 1, 'Хасавюрт', NULL, NULL, 'system'),
(159, 1, 'Химки', NULL, NULL, 'system'),
(160, 1, 'Чебоксары', NULL, NULL, 'system'),
(161, 1, 'Челябинск', NULL, NULL, 'system'),
(162, 1, 'Череповец', NULL, NULL, 'system'),
(163, 1, 'Черкесск', NULL, NULL, 'system'),
(164, 1, 'Чита', NULL, NULL, 'system'),
(165, 1, 'Шахты', NULL, NULL, 'system'),
(166, 1, 'Щёлково', NULL, NULL, 'system'),
(167, 1, 'Электросталь', NULL, NULL, 'system'),
(168, 1, 'Элиста', NULL, NULL, 'system'),
(169, 1, 'Энгельс', NULL, NULL, 'system'),
(170, 1, 'Южно-Сахалинск', NULL, NULL, 'system'),
(171, 1, 'Якутск', NULL, NULL, 'system'),
(172, 1, 'Ярославль', NULL, NULL, 'system'),
(173, 2, 'Винница', NULL, NULL, 'system'),
(174, 2, 'Днепропетровск', NULL, NULL, 'system'),
(175, 2, 'Донецк', NULL, NULL, 'system'),
(176, 2, 'Житомир', NULL, NULL, 'system'),
(177, 2, 'Запорожье', NULL, NULL, 'system'),
(178, 2, 'Ивано-Франковск', NULL, NULL, 'system'),
(179, 2, 'Киев', NULL, NULL, 'system'),
(180, 2, 'Кировоград', NULL, NULL, 'system'),
(181, 2, 'Крым', NULL, NULL, 'system'),
(182, 2, 'Луганск', NULL, NULL, 'system'),
(183, 2, 'Луцк', NULL, NULL, 'system'),
(184, 2, 'Львов', NULL, NULL, 'system'),
(185, 2, 'Николаев', NULL, NULL, 'system'),
(186, 2, 'Одесса', NULL, NULL, 'system'),
(187, 2, 'Полтава', NULL, NULL, 'system'),
(188, 2, 'Ровно', NULL, NULL, 'system'),
(189, 2, 'Сумы', NULL, NULL, 'system'),
(190, 2, 'Тернополь', NULL, NULL, 'system'),
(191, 2, 'Ужгород', NULL, NULL, 'system'),
(192, 2, 'Харьков', NULL, NULL, 'system'),
(193, 2, 'Херсон', NULL, NULL, 'system'),
(194, 2, 'Хмельницкий', NULL, NULL, 'system'),
(195, 2, 'Черкассы', NULL, NULL, 'system'),
(196, 2, 'Чернигов', NULL, NULL, 'system'),
(197, 2, 'Черновцы', NULL, NULL, 'system'),
(198, 3, 'Антополь', NULL, NULL, 'system'),
(199, 3, 'Барановичи', NULL, NULL, 'system'),
(200, 3, 'Барань', NULL, NULL, 'system'),
(201, 3, 'Белоозёрск', NULL, NULL, 'system'),
(202, 3, 'Берёза', NULL, NULL, 'system'),
(203, 3, 'Березино', NULL, NULL, 'system'),
(204, 3, 'Березовка', NULL, NULL, 'system'),
(205, 3, 'Бобруйск', NULL, NULL, 'system'),
(206, 3, 'Борисов', NULL, NULL, 'system'),
(207, 3, 'Браслав', NULL, NULL, 'system'),
(208, 3, 'Брест', NULL, NULL, 'system'),
(209, 3, 'Буда-Кошелёво', NULL, NULL, 'system'),
(210, 3, 'Быхов', NULL, NULL, 'system'),
(211, 3, 'Василевичи', NULL, NULL, 'system'),
(212, 3, 'Верхнедвинск', NULL, NULL, 'system'),
(213, 3, 'Ветка', NULL, NULL, 'system'),
(214, 3, 'Вилейка', NULL, NULL, 'system'),
(215, 3, 'Витебск', NULL, NULL, 'system'),
(216, 3, 'Волковыск', NULL, NULL, 'system'),
(217, 3, 'Воложин', NULL, NULL, 'system'),
(218, 3, 'Высокое', NULL, NULL, 'system'),
(219, 3, 'Ганцевичи', NULL, NULL, 'system'),
(220, 3, 'Глубокое', NULL, NULL, 'system'),
(221, 3, 'Гомель', NULL, NULL, 'system'),
(222, 3, 'Горки', NULL, NULL, 'system'),
(223, 3, 'Городок', NULL, NULL, 'system'),
(224, 3, 'Гродно', NULL, NULL, 'system'),
(225, 3, 'Давид-Городок', NULL, NULL, 'system'),
(226, 3, 'Дзержинск', NULL, NULL, 'system'),
(227, 3, 'Дисна', NULL, NULL, 'system'),
(228, 3, 'Добруш', NULL, NULL, 'system'),
(229, 3, 'Докшицы', NULL, NULL, 'system'),
(230, 3, 'Дрогичин', NULL, NULL, 'system'),
(231, 3, 'Дубровно', NULL, NULL, 'system'),
(232, 3, 'Дятлово', NULL, NULL, 'system'),
(233, 3, 'Ельск', NULL, NULL, 'system'),
(234, 3, 'Жабинка', NULL, NULL, 'system'),
(235, 3, 'Житковичи', NULL, NULL, 'system'),
(236, 3, 'Жлобин', NULL, NULL, 'system'),
(237, 3, 'Жодино', NULL, NULL, 'system'),
(238, 3, 'Заславль', NULL, NULL, 'system'),
(239, 3, 'Иваново', NULL, NULL, 'system'),
(240, 3, 'Иванцевичи', NULL, NULL, 'system'),
(241, 3, 'Ивацевичи', NULL, NULL, 'system'),
(242, 3, 'Калинковичи', NULL, NULL, 'system'),
(243, 3, 'Каменец', NULL, NULL, 'system'),
(244, 3, 'Клецк', NULL, NULL, 'system'),
(245, 3, 'Кобрин', NULL, NULL, 'system'),
(246, 3, 'Копыль', NULL, NULL, 'system'),
(247, 3, 'Коссово', NULL, NULL, 'system'),
(248, 3, 'Костюковичи', NULL, NULL, 'system'),
(249, 3, 'Кричев', NULL, NULL, 'system'),
(250, 3, 'Крупки', NULL, NULL, 'system'),
(251, 3, 'Лепель', NULL, NULL, 'system'),
(252, 3, 'Лида', NULL, NULL, 'system'),
(253, 3, 'Лунинец', NULL, NULL, 'system'),
(254, 3, 'Любань', NULL, NULL, 'system'),
(255, 3, 'Ляховичи', NULL, NULL, 'system'),
(256, 3, 'Малорита', NULL, NULL, 'system'),
(257, 3, 'Марьина Горка', NULL, NULL, 'system'),
(258, 3, 'Минск', NULL, NULL, 'system'),
(259, 3, 'Миоры', NULL, NULL, 'system'),
(260, 3, 'Могилёв', NULL, NULL, 'system'),
(261, 3, 'Мозырь', NULL, NULL, 'system'),
(262, 3, 'Молодечно', NULL, NULL, 'system'),
(263, 3, 'Мосты', NULL, NULL, 'system'),
(264, 3, 'Мстиславль', NULL, NULL, 'system'),
(265, 3, 'Наровля', NULL, NULL, 'system'),
(266, 3, 'Несвиж', NULL, NULL, 'system'),
(267, 3, 'Новогрудок', NULL, NULL, 'system'),
(268, 3, 'Новолукомль', NULL, NULL, 'system'),
(269, 3, 'Новополоцк', NULL, NULL, 'system'),
(270, 3, 'Орша', NULL, NULL, 'system'),
(271, 3, 'Осиповичи', NULL, NULL, 'system'),
(272, 3, 'Ошмяны', NULL, NULL, 'system'),
(273, 3, 'Петриков', NULL, NULL, 'system'),
(274, 3, 'Пинск', NULL, NULL, 'system'),
(275, 3, 'Полоцк', NULL, NULL, 'system'),
(276, 3, 'Поставы', NULL, NULL, 'system'),
(277, 3, 'Пружаны', NULL, NULL, 'system'),
(278, 3, 'Речица', NULL, NULL, 'system'),
(279, 3, 'Рогачёв', NULL, NULL, 'system'),
(280, 3, 'Светлогорск', NULL, NULL, 'system'),
(281, 3, 'Сенно', NULL, NULL, 'system'),
(282, 3, 'Скидель', NULL, NULL, 'system'),
(283, 3, 'Славгород', NULL, NULL, 'system'),
(284, 3, 'Слоним', NULL, NULL, 'system'),
(285, 3, 'Слуцк', NULL, NULL, 'system'),
(286, 3, 'Смолевичи', NULL, NULL, 'system'),
(287, 3, 'Сморгонь', NULL, NULL, 'system'),
(288, 3, 'Солигорск', NULL, NULL, 'system'),
(289, 3, 'Старые Дороги', NULL, NULL, 'system'),
(290, 3, 'Столбцы', NULL, NULL, 'system'),
(291, 3, 'Столин', NULL, NULL, 'system'),
(292, 3, 'Толочин', NULL, NULL, 'system'),
(293, 3, 'Туров', NULL, NULL, 'system'),
(294, 3, 'Фаниполь', NULL, NULL, 'system'),
(295, 3, 'Хойники', NULL, NULL, 'system'),
(296, 3, 'Чаусы', NULL, NULL, 'system'),
(297, 3, 'Чашники', NULL, NULL, 'system'),
(298, 3, 'Червень', NULL, NULL, 'system'),
(299, 3, 'Чериков', NULL, NULL, 'system'),
(300, 3, 'Чечерск', NULL, NULL, 'system'),
(301, 3, 'Шклов', NULL, NULL, 'system'),
(302, 3, 'Щучин', NULL, NULL, 'system');

-- --------------------------------------------------------

--
-- Структура таблицы `location__countries`
--

CREATE TABLE IF NOT EXISTS `location__countries` (
  `id` int(11) unsigned NOT NULL AUTO_INCREMENT,
  `name` varchar(50) DEFAULT NULL,
  `shortname` varchar(20) DEFAULT NULL,
  PRIMARY KEY (`id`)
) ENGINE=MyISAM  DEFAULT CHARSET=utf8 PACK_KEYS=1 DELAY_KEY_WRITE=1 AUTO_INCREMENT=195 ;

--
-- Дамп данных таблицы `location__countries`
--

INSERT INTO `location__countries` (`id`, `name`, `shortname`) VALUES
(1, 'Россия', NULL),
(2, 'Украина', NULL),
(3, 'Беларусь', NULL),
(4, 'Австралия', NULL),
(5, 'Австрия', NULL),
(6, 'Азербайджан', NULL),
(7, 'Албания', NULL),
(8, 'Алжир', NULL),
(9, 'Ангола', NULL),
(10, 'Андорра', NULL),
(11, 'Антигуа и Барбуда', NULL),
(12, 'Аргентина', NULL),
(13, 'Армения', NULL),
(14, 'Афганистан', NULL),
(15, 'Багамские Острова', NULL),
(16, 'Бангладеш', NULL),
(17, 'Барбадос', NULL),
(18, 'Бахрейн', NULL),
(19, 'Белиз', NULL),
(20, 'Бельгия', NULL),
(21, 'Бенин', NULL),
(22, 'Болгария', NULL),
(23, 'Боливия', NULL),
(24, 'Босния и Герцеговина', NULL),
(25, 'Ботсвана', NULL),
(26, 'Бразилия', NULL),
(27, 'Бруней', NULL),
(28, 'Буркина-Фасо', NULL),
(29, 'Бурунди', NULL),
(30, 'Бутан', NULL),
(31, 'Вануату', NULL),
(32, 'Ватикан', NULL),
(33, 'Великобритания', NULL),
(34, 'Венгрия', NULL),
(35, 'Венесуэла', NULL),
(36, 'Восточный Тимор', NULL),
(37, 'Вьетнам', NULL),
(38, 'Габон', NULL),
(39, 'Гаити', NULL),
(40, 'Гайана', NULL),
(41, 'Гамбия', NULL),
(42, 'Гана', NULL),
(43, 'Гватемала', NULL),
(44, 'Гвинея', NULL),
(45, 'Германия', NULL),
(46, 'Гондурас', NULL),
(47, 'Гренада', NULL),
(48, 'Греция', NULL),
(49, 'Грузия', NULL),
(50, 'Дания', NULL),
(51, 'Джибути', NULL),
(52, 'Доминиканская Республика', NULL),
(53, 'Египет', NULL),
(54, 'Замбия', NULL),
(55, 'Западное Самоа', NULL),
(56, 'Зимбабве', NULL),
(57, 'Израиль', NULL),
(58, 'Индия', NULL),
(59, 'Индонезия', NULL),
(60, 'Иордания', NULL),
(61, 'Ирак', NULL),
(62, 'Иран', NULL),
(63, 'Ирландия', NULL),
(64, 'Исландия', NULL),
(65, 'Испания', NULL),
(66, 'Италия', NULL),
(67, 'Йемен', NULL),
(68, 'Кабо-Верде', NULL),
(69, 'Казахстан', NULL),
(70, 'Камбоджа', NULL),
(71, 'Камерун', NULL),
(72, 'Канада', NULL),
(73, 'Катар', NULL),
(74, 'Кения', NULL),
(75, 'Кипр', NULL),
(76, 'Кирибати', NULL),
(77, 'Китай', NULL),
(78, 'Колумбия', NULL),
(79, 'Коморские Острова', NULL),
(80, 'Конго', NULL),
(81, 'Корея, Северная', NULL),
(82, 'Корея, Южная', NULL),
(83, 'Коста-Рика', NULL),
(84, 'Кот-д''Ивуар', NULL),
(85, 'Куба', NULL),
(86, 'Кувейт', NULL),
(87, 'Кыргызстан', NULL),
(88, 'Лаос', NULL),
(89, 'Латвия', NULL),
(90, 'Лесото', NULL),
(91, 'Либерия', NULL),
(92, 'Ливан', NULL),
(93, 'Ливия', NULL),
(94, 'Литва', NULL),
(95, 'Лихтенштейн', NULL),
(96, 'Люксембург', NULL),
(97, 'Маврикий', NULL),
(98, 'Мавритания', NULL),
(99, 'Мадагаскар', NULL),
(100, 'Македония', NULL),
(101, 'Малави', NULL),
(102, 'Малайзия', NULL),
(103, 'Мали', NULL),
(104, 'Мальдивы', NULL),
(105, 'Мальта', NULL),
(106, 'Марокко', NULL),
(107, 'Маршалловы острова', NULL),
(108, 'Мексика', NULL),
(109, 'Мозамбик', NULL),
(110, 'Молдова', NULL),
(111, 'Монако', NULL),
(112, 'Монголия', NULL),
(113, 'Мьянма', NULL),
(114, 'Намибия', NULL),
(115, 'Науру', NULL),
(116, 'Непал', NULL),
(117, 'Нигерия', NULL),
(118, 'Нидерланды', NULL),
(119, 'Никарагуа', NULL),
(120, 'Новая Зеландия', NULL),
(121, 'Норвегия', NULL),
(122, 'ОАЕ', NULL),
(123, 'Оман', NULL),
(124, 'Пакистан', NULL),
(125, 'Палау', NULL),
(126, 'Панама', NULL),
(127, 'Папуа Новая Гвинея', NULL),
(128, 'Парагвай', NULL),
(129, 'Перу', NULL),
(130, 'Польша', NULL),
(131, 'Португалия', NULL),
(132, 'Руанда', NULL),
(133, 'Румыния', NULL),
(134, 'Сальвадор', NULL),
(135, 'Саудовская Аравия', NULL),
(136, 'Свазиленд', NULL),
(137, 'Сейшельские Острова', NULL),
(138, 'Сенегал', NULL),
(139, 'Сент-Люсия', NULL),
(140, 'Сербия и Черногория', NULL),
(141, 'Сингапур', NULL),
(142, 'Сирия', NULL),
(143, 'Словакия', NULL),
(144, 'Словения', NULL),
(145, 'Сомали', NULL),
(146, 'Судан', NULL),
(147, 'Суринам', NULL),
(148, 'США', NULL),
(149, 'Сьерра-Леоне', NULL),
(150, 'Таджикистан', NULL),
(151, 'Таиланд', NULL),
(152, 'Тайвань', NULL),
(153, 'Танзания', NULL),
(154, 'Того', NULL),
(155, 'Тонга', NULL),
(156, 'Тринидад и Тобаго', NULL),
(157, 'Тувалу', NULL),
(158, 'Тунис', NULL),
(159, 'Туркменистан', NULL),
(160, 'Турция', NULL),
(161, 'Уганда', NULL),
(162, 'Узбекистан', NULL),
(163, 'Уругвай', NULL),
(164, 'Фиджи', NULL),
(165, 'Филиппины', NULL),
(166, 'Финляндия', NULL),
(167, 'Франция', NULL),
(168, 'Хорватия', NULL),
(169, 'Чад', NULL),
(170, 'Чешская Республика', NULL),
(171, 'Чили', NULL),
(172, 'Швейцария', NULL),
(173, 'Швеция', NULL),
(174, 'Шри-Ланка', NULL),
(175, 'Эквадор', NULL),
(176, 'Экваториальная Гвинея', NULL),
(177, 'Эритрея', NULL),
(178, 'Эстония', NULL),
(179, 'Эфиопия', NULL),
(180, 'ЮАР', NULL),
(181, 'Ямайка', NULL),
(182, 'Япония', NULL),
(183, 'Англия', NULL);

-- --------------------------------------------------------

--
-- Структура таблицы `location__metroes`
--

CREATE TABLE IF NOT EXISTS `location__metroes` (
  `id` int(11) NOT NULL AUTO_INCREMENT,
  `city_id` int(11) NOT NULL,
  `name` varchar(150) DEFAULT NULL,
  PRIMARY KEY (`id`),
  KEY `city_id` (`city_id`)
) ENGINE=MyISAM  DEFAULT CHARSET=utf8 AUTO_INCREMENT=171 ;

--
-- Дамп данных таблицы `location__metroes`
--

INSERT INTO `location__metroes` (`id`, `city_id`, `name`) VALUES
(1, 76, 'Авиамоторная'),
(2, 76, 'Автозаводская'),
(3, 76, 'Академическая'),
(4, 76, 'Александровский сад'),
(5, 76, 'Алексеевская'),
(6, 76, 'Алтуфьево'),
(7, 76, 'Анино'),
(8, 76, 'Арбатская'),
(9, 76, 'Арбатская'),
(10, 76, 'Аэропорт'),
(11, 76, 'Бабушкинская'),
(12, 76, 'Багратионовская'),
(13, 76, 'Баррикадная'),
(14, 76, 'Бауманская'),
(15, 76, 'Беговая'),
(16, 76, 'Белорусская'),
(17, 76, 'Белорусская'),
(18, 76, 'Беляево'),
(19, 76, 'Бибирево'),
(20, 76, 'Библиотека им. Ленина'),
(21, 76, 'Битцевский парк'),
(22, 76, 'Боровицкая'),
(23, 76, 'Ботанический сад'),
(24, 76, 'Братиславская'),
(25, 76, 'Бульвар Адмирала Ушакова'),
(26, 76, 'Бульвар Дмитрия Донского'),
(27, 76, 'Бунинская аллея'),
(28, 76, 'Варшавская'),
(29, 76, 'ВДНХ'),
(30, 76, 'Владыкино'),
(31, 76, 'Водный стадион'),
(32, 76, 'Войковская'),
(33, 76, 'Волгоградский проспект'),
(34, 76, 'Волжская'),
(35, 76, 'Воробьевы горы'),
(36, 76, 'Выхино'),
(37, 76, 'Динамо'),
(38, 76, 'Дмитровская'),
(39, 76, 'Добрынинская'),
(40, 76, 'Домодедовская'),
(41, 76, 'Дубровка'),
(42, 76, 'Измайловская'),
(43, 76, 'Измайловский парк'),
(44, 76, 'Калужская'),
(45, 76, 'Кантемировская'),
(46, 76, 'Каховская'),
(47, 76, 'Каширская'),
(48, 76, 'Каширская'),
(49, 76, 'Киевская'),
(50, 76, 'Киевская'),
(51, 76, 'Киевская'),
(52, 76, 'Китай-город'),
(53, 76, 'Китай-город'),
(54, 76, 'Кожуховская'),
(55, 76, 'Коломенская'),
(56, 76, 'Комсомольская'),
(57, 76, 'Комсомольская'),
(58, 76, 'Коньково'),
(59, 76, 'Красногвардейская'),
(60, 76, 'Краснопресненская'),
(61, 76, 'Красносельская'),
(62, 76, 'Красные ворота'),
(63, 76, 'Крестьянская застава'),
(64, 76, 'Кропотскинская'),
(65, 76, 'Крылатское'),
(66, 76, 'Кузнецкий мост'),
(67, 76, 'Кузьминки'),
(68, 76, 'Кунцевская'),
(69, 76, 'Курская'),
(70, 76, 'Курская'),
(71, 76, 'Кутузовская'),
(72, 76, 'Ленинский проспект'),
(73, 76, 'Лубянка'),
(74, 76, 'Люблино'),
(75, 76, 'Марксистская'),
(76, 76, 'Марьино'),
(77, 76, 'Маяковская'),
(78, 76, 'Медведково'),
(79, 76, 'Менделеевская'),
(80, 76, 'Молодежная'),
(81, 76, 'Нагатинская'),
(82, 76, 'Нагорная'),
(83, 76, 'Нахимовский проспект'),
(84, 76, 'Новогиреево'),
(85, 76, 'Новокузнецкая'),
(86, 76, 'Новослободская'),
(87, 76, 'Новые Черемушки'),
(88, 76, 'Октябрьская'),
(89, 76, 'Октябрьская'),
(90, 76, 'Октябрьское поле'),
(91, 76, 'Орехово'),
(92, 76, 'Отрадное'),
(93, 76, 'Охотный ряд'),
(94, 76, 'Павелецкая'),
(95, 76, 'Павелецкая'),
(96, 76, 'Парк культуры'),
(97, 76, 'Парк культуры'),
(98, 76, 'Парк Победы'),
(99, 76, 'Первомайская'),
(100, 76, 'Перово'),
(101, 76, 'Петровско-Разумовская'),
(102, 76, 'Печатники'),
(103, 76, 'Пионерская'),
(104, 76, 'Планерная'),
(105, 76, 'Площадь Ильича'),
(106, 76, 'Площадь Революции'),
(107, 76, 'Полежаевская'),
(108, 76, 'Полянка'),
(109, 76, 'Пражская'),
(110, 76, 'Преображенская площадь'),
(111, 76, 'Пролетарская'),
(112, 76, 'Проспект Вернадского'),
(113, 76, 'Проспект Мира'),
(114, 76, 'Проспект Мира'),
(115, 76, 'Профсоюзная'),
(116, 76, 'Пушкинская'),
(117, 76, 'Речной вокзал'),
(118, 76, 'Рижская'),
(119, 76, 'Римская'),
(120, 76, 'Рязанский проспект'),
(121, 76, 'Савеловская'),
(122, 76, 'Свиблово'),
(123, 76, 'Севастопольская'),
(124, 76, 'Семеновская'),
(125, 76, 'Серпуховская'),
(126, 76, 'Смоленская'),
(127, 76, 'Смоленская'),
(128, 76, 'Сокол'),
(129, 76, 'Сокольники'),
(130, 76, 'Спортивная'),
(131, 76, 'Студентеская'),
(132, 76, 'Сухаревская'),
(133, 76, 'Сходненская'),
(134, 76, 'Таганская'),
(135, 76, 'Таганская'),
(136, 76, 'Тверская'),
(137, 76, 'Театральная'),
(138, 76, 'Теплый стан'),
(139, 76, 'Тесктильщики'),
(140, 76, 'Тимирязевская'),
(141, 76, 'Третьяковская'),
(142, 76, 'Третьяковская'),
(143, 76, 'Тульская'),
(144, 76, 'Тургеневская'),
(145, 76, 'Тушинская'),
(146, 76, 'Улица 1905 года'),
(147, 76, 'Улица Академика Янгеля'),
(148, 76, 'Улица Горчакова'),
(149, 76, 'Улица Подбельского'),
(150, 76, 'Улица Скобелевская'),
(151, 76, 'Улица Старокачаловская'),
(152, 76, 'Университет'),
(153, 76, 'Филевский парк'),
(154, 76, 'Фили'),
(155, 76, 'Фрунзенская'),
(156, 76, 'Царицыно'),
(157, 76, 'Цветной бульвар'),
(158, 76, 'Черкизовская'),
(159, 76, 'Чертановская'),
(160, 76, 'Чеховская'),
(161, 76, 'Чистые пруды'),
(162, 76, 'Чкаловская'),
(163, 76, 'Шаболовская'),
(164, 76, 'Шоссе Энтузиастов'),
(165, 76, 'Щелковская'),
(166, 76, 'Щукинская'),
(167, 76, 'Электрозаводская'),
(168, 76, 'Юго-Западная'),
(169, 76, 'Южная'),
(170, 76, 'Ясенево');

-- --------------------------------------------------------

--
-- Структура таблицы `mailtemplates__access`
--

CREATE TABLE IF NOT EXISTS `mailtemplates__access` (
  `id` int(11) unsigned NOT NULL AUTO_INCREMENT,
  `user_id` int(11) unsigned DEFAULT NULL,
  `admin` tinyint(1) unsigned NOT NULL DEFAULT '0',
  `edit_messages` tinyint(1) unsigned NOT NULL DEFAULT '0',
  `edit_templates` tinyint(1) unsigned NOT NULL DEFAULT '0',
  `description` varchar(255) DEFAULT NULL,
  PRIMARY KEY (`id`),
  KEY `user_id` (`user_id`)
) ENGINE=MyISAM  DEFAULT CHARSET=utf8 AUTO_INCREMENT=110 ;

--
-- Дамп данных таблицы `mailtemplates__access`
--

INSERT INTO `mailtemplates__access` (`id`, `user_id`, `admin`, `edit_messages`, `edit_templates`, `description`) VALUES
(1, 1, 0, 1, 1, 'no comment'),
(109, 2, 0, 1, 1, '');

-- --------------------------------------------------------

--
-- Структура таблицы `mailtemplates__messages`
--

CREATE TABLE IF NOT EXISTS `mailtemplates__messages` (
  `id` int(11) unsigned NOT NULL AUTO_INCREMENT,
  `creator_id` int(11) unsigned DEFAULT NULL,
  `changer_id` int(11) unsigned DEFAULT NULL,
  `creation_date` datetime DEFAULT NULL,
  `change_date` datetime DEFAULT NULL,
  `content` text,
  `description` varchar(255) DEFAULT NULL,
  PRIMARY KEY (`id`),
  KEY `changer_id` (`changer_id`),
  KEY `creator_id` (`creator_id`)
) ENGINE=MyISAM  DEFAULT CHARSET=utf8 AUTO_INCREMENT=14 ;

--
-- Дамп данных таблицы `mailtemplates__messages`
--

INSERT INTO `mailtemplates__messages` (`id`, `creator_id`, `changer_id`, `creation_date`, `change_date`, `content`, `description`) VALUES
(4, 1, 1, '2006-06-01 12:05:23', '2006-06-01 12:05:23', '{assign var="sender_name" value=$sender->name }\r\n{assign var="recepient_name" value=$recepient->name }\r\n{assign var="recepient_uid" value=$recepient->uid}\r\n\r\n{assign var="message" value="Your email has been sent from $sender_name to \r\n$recepient_name through Zanby email system."}\r\n\r\n{assign var="title" value=''Email Me''}\r\n\r\n{assign var="owner" value=''user''}\r\n\r\n{assign var="owner_id" value=$recepient_uid}\r\n\r\n{assign_adv var="navigation" value="array(array(''text''=>''$recepient_name\\''s profile'',''link''=>''profiles/view/$recepient_uid''),array(''text''=>''Email Me''))"}\r\n\r\n\r\n{assign_adv var=''links'' value="array(array(''text''=>''Back to $recepient_name\\''s profile'',''link''=>''profiles/view/$recepient_uid''))"}\r\n\r\n\r\n{page_confirm message=$message title=$title page_title=$title navigation=$navigation links=$links owner=$owner owner_id=$owner_id  section=$section}', 'Module: Profiles.module<br>\r\nFunction: profiles_page_mail_me()\r\n'),
(5, 1, 1, '0000-00-00 00:00:00', '0000-00-00 00:00:00', '{assign var="forward_user_name" value=$forward_user->name}\r\n{assign var="forward_user_uid" value=$forward_user->uid}\r\n\r\n{assign var="message" value="Your message have been sent"}\r\n\r\n{assign var="title" value=''Forward profile''}\r\n\r\n{assign var="owner" value=''user''}\r\n\r\n{assign var="owner_id" \r\nvalue=$forward_user_uid}\r\n\r\n{assign_adv var="navigation" value="array(array(''text''=>''$forward_user_name\\''s profile'',''link''=>''profiles/view$forward_user_uid''),array(''text''=>''Forward profile''))"}\r\n\r\n{assign_adv var="links" value="array(array(''text''=>''Back to $forward_user_name\\''s profile'',''link''=>''profiles/view/$forward_user_uid''))"}\r\n\r\n{page_confirm message=$message title=$title page_title=$title navigation=$navigation links=$links owner=$owner owner_id=$owner_id section=$section}', 'Module: Profiles.module<br>\r\nFunction: profiles_forward()\r\n'),
(6, 1, 1, '2006-06-01 12:04:27', '2006-06-01 12:04:27', '<div style="padding:20px;">\r\n                   <b style="font-size:14px;">Your request for group membership has been \r\n                   sent to the group host and is under consideration.</b>\r\n{assign_var var="var1" code="t(''Browse Zanby'');"}\r\n                   <div style="padding: 20px;">\r\n                   {l title=$var1 link=""}\r\n                   </div>\r\n{assign_var var="var2" code="t(''Zanby Guide'');"}\r\n                   If you need help getting around, why not contact a \r\n{l title=$var2 link="gatherooguides"}?<br/>\r\n                   They can show you the ropes.<br/></br>\r\n{assign_var var="var3" code="t(''Contact Us'');"}\r\n                   If you have a special question, please email \r\n{l title=$var3 link="feedback"}?<br/>\r\n                   </div>\r\n                   </div>', 'File: Og_join.php<br>\r\nFunction: theme_approve_join_confirm()'),
(7, 1, 1, '2006-07-11 15:26:27', '2006-07-11 15:26:27', '{assign var="group_title" value=$group->title}\r\n{assign var="group_nid" value=$group->nid}\r\n\r\n<div style="padding:20px;">\r\n                                      <b style="font-size:14px;">Congratulations! Your have successfully joined the</b><br/>\r\n{l title=$group_title  link=$group->group_path}\r\n{assign_var var="var1" code="t(''Browse Zanby'');"}\r\n                   <div style="padding: 20px;">\r\n{assign_var var="var4" code="t(''Go to Group Home Page'');"}\r\n                   {l title=$var4 link=$group->group_path}<br/>\r\n                   {l title=$var1 link=""}<br/><br/><br/>\r\n                   </div>\r\n{assign_var var="var3" code="t(''Contact Us'');"}\r\n                   If you have a special question, please email\r\n{l title=$var3 link="feedback"}?<br/>\r\n                   </div>\r\n                   </div>', 'Module: og_join.module\r\nFunction:theme_code_join_confirm()'),
(12, 1, 1, '2006-06-01 12:55:22', '2006-06-01 12:55:22', '<b style="font-size:13px;">Congratulations {$host_firstname} {$host_lastname}!</b><br/>\r\nWelcome to your new {$SITE_NAME_AS_STRING} group. Use the menu above to manage\r\nyour group. Group hosts are the backbone of the {$SITE_NAME_AS_STRING} community. \r\nIf you have feedback, or need help, or just want to drop us a line...\r\nPlease {l title=''Contact Us'' path=''feedback''}\r\n<br/><br/>\r\nIn the meantime, why not {l title=''call your first meeting'' path="`$group->group_path`/calendar/add"} or {l title=''invite more members'' path="`$group->group_path`/invite"}', 'Mudule: og.module\r\nFunction: theme_view_group_create_congr()'),
(13, 1, 1, '2006-06-01 15:17:47', '2006-06-01 15:17:47', '<div style="padding:10px;">\r\n<b style="font-size:12px;">Congratulations {$host_firstname} {$host_lastname}! \r\nYou have successfully created a {$SITE_NAME_AS_STRING} Group!<br/><br/> \r\n Before you begin, Here are a few things you need to know about managing your group:</b>\r\n<br/><br/>    \r\n<table>\r\n<tr>\r\n                          <td valign="top">\r\n                            <img src="files/site_images/li_triangule.gif"/>\r\n                          </td>\r\n                          <td>\r\n                      Answers to commonly asked questions about using {$SITE_NAME_AS_STRING} can \r\n                      be found in our <a href="grouphostfaq">FAQ for Group Hosts</a>. \r\n                      If you need more personal attention, please visit the\r\n                      group {l title="`$SITE_NAME_AS_STRING` Guides" path=''gatherooguides''} and post your problem  on the message board or contact a guide.\r\n<br/><br/>\r\n                          </td>                          \r\n                        </tr>\r\n                        <tr>\r\n                          <td valign="top">\r\n                            <img src="files/site_images/li_triangule.gif"/>\r\n                          </td>\r\n                          <td>\r\n                          We suggest you start in the  \r\n                          <a href="{$group->group_path}/privileges">Privileges</a> \r\n                          section of your group.  \r\n                      This is where you change the details of your group and \r\n                      control group functions, such as  who \r\n                      can schedule events, upload photos and documents, \r\n                      moderate the message board and send emails on behalf of the group.<br/><br/>\r\n                          </td>        \r\n                        </tr>\r\n                        <tr>\r\n                          <td valign="top">\r\n                            <img src="files/site_images/li_triangule.gif"/>\r\n                          </td>\r\n                          <td>\r\n                           We will help you in any way we can.  \r\n                      Please feel free to <a href="feedback">contact us</a> and we will\r\n                      do our best to help or explain.  We love <a href="feedback">feedback!</a>\r\n                          </td>        \r\n                        </tr>                                                \r\n                      </table><br/>\r\n                      <b style="font-size:12px;">Thanks for using {$SITE_NAME_AS_STRING}</b><br/><br/>\r\n                      <table>\r\n                        <tr>\r\n                          <td width="100%">\r\n                            <b style="font-size:12px;">Sincerely,<br/> The {$SITE_NAME_AS_STRING} Team</b>\r\n                          </td>\r\n                          <td align="right" valign="bottom">\r\n{theme function=''gatheroo_button'' title=''Continue to Group Workspace'' color=''orange'' path=$group->group_path}\r\n                          </td>\r\n                        </tr>\r\n                      </table></div>', 'Module: og.module\r\nFunction: theme_og_create_group_confirm()');

-- --------------------------------------------------------

--
-- Структура таблицы `mail__broadcast`
--

CREATE TABLE IF NOT EXISTS `mail__broadcast` (
  `id` int(11) NOT NULL AUTO_INCREMENT,
  `title` varchar(80) DEFAULT NULL,
  `template_key` int(11) NOT NULL DEFAULT '1',
  `reg_date` int(11) unsigned zerofill DEFAULT '00000000000',
  PRIMARY KEY (`id`)
) ENGINE=MyISAM  DEFAULT CHARSET=utf8 AUTO_INCREMENT=7 ;

--
-- Дамп данных таблицы `mail__broadcast`
--

INSERT INTO `mail__broadcast` (`id`, `title`, `template_key`, `reg_date`) VALUES
(3, 'я-п¦я¦я¦я-п¦п¦п¦', 26, 01214424000),
(4, 'я-п¦я¦я¦я-п¦п¦п¦', 26, 01214424000),
(5, 'я-п¦я¦я¦я-п¦п¦п¦', 25, 01324414800),
(6, 'я-п¦я¦я¦я-п¦п¦п¦', 25, 01324414800);

-- --------------------------------------------------------

--
-- Структура таблицы `mail__letters`
--

CREATE TABLE IF NOT EXISTS `mail__letters` (
  `id` int(11) NOT NULL,
  `creator_id` int(11) NOT NULL DEFAULT '0',
  `changer_id` int(11) NOT NULL DEFAULT '0',
  `creation_date` datetime DEFAULT NULL,
  `change_date` timestamp NOT NULL DEFAULT CURRENT_TIMESTAMP,
  `subject` varchar(100) DEFAULT ' ',
  `content` longtext,
  PRIMARY KEY (`id`)
) ENGINE=MyISAM DEFAULT CHARSET=utf8;

-- --------------------------------------------------------

--
-- Структура таблицы `mail__photos`
--

CREATE TABLE IF NOT EXISTS `mail__photos` (
  `id` int(11) NOT NULL AUTO_INCREMENT,
  `item_id` int(11) DEFAULT NULL,
  `alt` varchar(20) DEFAULT NULL,
  `width` smallint(6) DEFAULT NULL,
  `height` smallint(6) DEFAULT NULL,
  `reg_date` timestamp NOT NULL DEFAULT CURRENT_TIMESTAMP,
  PRIMARY KEY (`id`)
) ENGINE=MyISAM DEFAULT CHARSET=utf8 AUTO_INCREMENT=1 ;

-- --------------------------------------------------------

--
-- Структура таблицы `mail__status`
--

CREATE TABLE IF NOT EXISTS `mail__status` (
  `id` int(11) NOT NULL AUTO_INCREMENT,
  `item_id` int(11) DEFAULT NULL,
  `user_id` int(11) NOT NULL DEFAULT '0',
  `is_sent` tinyint(4) NOT NULL DEFAULT '0',
  `reg_date` int(11) unsigned zerofill DEFAULT '00000000000',
  PRIMARY KEY (`id`)
) ENGINE=MyISAM  DEFAULT CHARSET=utf8 AUTO_INCREMENT=1265 ;

--
-- Дамп данных таблицы `mail__status`
--

INSERT INTO `mail__status` (`id`, `item_id`, `user_id`, `is_sent`, `reg_date`) VALUES
(11, 3, 1, 1, 01214424000),
(12, 3, 4, 1, 01214424000),
(13, 3, 7, 1, 01214424000),
(14, 3, 40, 1, 01214424000),
(15, 3, 60, 1, 01214424000),
(16, 3, 241, 1, 01214424000),
(17, 3, 242, 1, 01214424000),
(18, 3, 246, 1, 01214424000),
(19, 3, 251, 1, 01214424000),
(20, 3, 253, 1, 01214424000),
(21, 3, 254, 1, 01214424000),
(22, 3, 255, 1, 01214424000),
(23, 3, 259, 1, 01214424000),
(24, 3, 265, 1, 01214424000),
(25, 3, 266, 1, 01214424000),
(26, 3, 270, 1, 01214424000),
(27, 3, 271, 1, 01214424000),
(28, 3, 277, 1, 01214424000),
(29, 3, 278, 1, 01214424000),
(30, 3, 279, 1, 01214424000),
(31, 3, 281, 1, 01214424000),
(32, 3, 284, 1, 01214424000),
(33, 3, 286, 1, 01214424000),
(34, 3, 287, 1, 01214424000),
(35, 3, 288, 1, 01214424000),
(36, 3, 290, 1, 01214424000),
(37, 3, 292, 1, 01214424000),
(38, 3, 293, 1, 01214424000),
(39, 3, 298, 1, 01214424000),
(40, 3, 304, 1, 01214424000),
(41, 3, 305, 1, 01214424000),
(42, 3, 308, 1, 01214424000),
(43, 3, 310, 1, 01214424000),
(44, 3, 311, 1, 01214424000),
(45, 3, 312, 1, 01214424000),
(46, 3, 313, 1, 01214424000),
(47, 3, 315, 1, 01214424000),
(48, 3, 316, 1, 01214424000),
(49, 3, 321, 1, 01214424000),
(50, 3, 324, 1, 01214424000),
(51, 3, 325, 1, 01214424000),
(52, 3, 332, 1, 01214424000),
(53, 3, 335, 1, 01214424000),
(54, 3, 336, 1, 01214424000),
(55, 3, 338, 1, 01214424000),
(56, 3, 339, 1, 01214424000),
(57, 3, 341, 1, 01214424000),
(58, 3, 342, 1, 01214424000),
(59, 3, 346, 1, 01214424000),
(60, 3, 348, 1, 01214424000),
(61, 3, 355, 1, 01214424000),
(62, 3, 362, 1, 01214424000),
(63, 3, 365, 1, 01214424000),
(64, 3, 368, 1, 01214424000),
(65, 3, 371, 1, 01214424000),
(66, 3, 372, 1, 01214424000),
(67, 3, 374, 1, 01214424000),
(68, 3, 377, 1, 01214424000),
(69, 3, 379, 1, 01214424000),
(70, 3, 381, 1, 01214424000),
(71, 3, 385, 1, 01214424000),
(72, 3, 386, 1, 01214424000),
(73, 3, 387, 1, 01214424000),
(74, 3, 388, 1, 01214424000),
(75, 3, 389, 1, 01214424000),
(76, 3, 390, 1, 01214424000),
(77, 3, 392, 1, 01214424000),
(78, 3, 393, 1, 01214424000),
(79, 3, 395, 1, 01214424000),
(80, 3, 397, 1, 01214424000),
(81, 3, 399, 1, 01214424000),
(82, 3, 401, 1, 01214424000),
(83, 3, 402, 1, 01214424000),
(84, 3, 405, 1, 01214424000),
(85, 3, 406, 1, 01214424000),
(86, 3, 407, 1, 01214424000),
(87, 3, 408, 1, 01214424000),
(88, 3, 409, 1, 01214424000),
(89, 3, 411, 1, 01214424000),
(90, 3, 416, 1, 01214424000),
(91, 3, 422, 1, 01214424000),
(92, 3, 426, 1, 01214424000),
(93, 3, 428, 1, 01214424000),
(94, 3, 429, 1, 01214424000),
(95, 3, 430, 1, 01214424000),
(96, 3, 431, 1, 01214424000),
(97, 3, 432, 1, 01214424000),
(98, 3, 434, 1, 01214424000),
(99, 3, 437, 1, 01214424000),
(100, 3, 438, 1, 01214424000),
(101, 3, 448, 1, 01214424000),
(102, 3, 450, 1, 01214424000),
(103, 3, 454, 1, 01214424000),
(104, 3, 455, 1, 01214424000),
(105, 3, 461, 1, 01214424000),
(106, 3, 462, 1, 01214424000),
(107, 3, 466, 1, 01214424000),
(108, 3, 471, 1, 01214424000),
(109, 3, 475, 1, 01214424000),
(110, 3, 476, 1, 01214424000),
(111, 3, 477, 1, 01214424000),
(112, 3, 478, 1, 01214424000),
(113, 3, 479, 1, 01214424000),
(114, 3, 481, 1, 01214424000),
(115, 3, 482, 1, 01214424000),
(116, 3, 484, 1, 01214424000),
(117, 3, 488, 1, 01214424000),
(118, 3, 489, 1, 01214424000),
(119, 3, 492, 1, 01214424000),
(120, 3, 495, 1, 01214424000),
(121, 3, 497, 1, 01214424000),
(122, 3, 498, 1, 01214424000),
(123, 3, 500, 1, 01214424000),
(124, 3, 505, 1, 01214424000),
(125, 3, 507, 1, 01214424000),
(126, 3, 508, 1, 01214424000),
(127, 3, 510, 1, 01214424000),
(128, 3, 511, 1, 01214424000),
(129, 3, 514, 1, 01214424000),
(130, 3, 517, 1, 01214424000),
(131, 3, 519, 1, 01214424000),
(132, 3, 522, 1, 01214424000),
(133, 3, 523, 1, 01214424000),
(134, 3, 525, 1, 01214424000),
(135, 3, 527, 1, 01214424000),
(136, 3, 530, 1, 01214424000),
(137, 3, 532, 1, 01214424000),
(138, 3, 533, 1, 01214424000),
(139, 3, 535, 1, 01214424000),
(140, 3, 538, 1, 01214424000),
(141, 3, 539, 1, 01214424000),
(142, 3, 541, 1, 01214424000),
(143, 3, 543, 1, 01214424000),
(144, 3, 544, 1, 01214424000),
(145, 3, 546, 1, 01214424000),
(146, 3, 548, 1, 01214424000),
(147, 3, 549, 1, 01214424000),
(148, 3, 550, 1, 01214424000),
(149, 3, 551, 1, 01214424000),
(150, 3, 554, 1, 01214424000),
(151, 3, 558, 1, 01214424000),
(152, 3, 559, 1, 01214424000),
(153, 3, 567, 1, 01214424000),
(154, 3, 571, 1, 01214424000),
(155, 3, 574, 1, 01214424000),
(156, 3, 576, 1, 01214424000),
(157, 3, 577, 1, 01214424000),
(158, 3, 582, 1, 01214424000),
(159, 3, 583, 1, 01214424000),
(160, 3, 589, 1, 01214424000),
(161, 3, 590, 1, 01214424000),
(162, 3, 591, 1, 01214424000),
(163, 3, 595, 1, 01214424000),
(164, 3, 596, 1, 01214424000),
(165, 3, 599, 1, 01214424000),
(166, 3, 600, 1, 01214424000),
(167, 3, 606, 1, 01214424000),
(168, 3, 609, 1, 01214424000),
(169, 3, 610, 1, 01214424000),
(170, 3, 612, 1, 01214424000),
(171, 3, 613, 1, 01214424000),
(172, 3, 616, 1, 01214424000),
(173, 3, 618, 1, 01214424000),
(174, 3, 619, 1, 01214424000),
(175, 3, 622, 1, 01214424000),
(176, 3, 623, 1, 01214424000),
(177, 3, 624, 1, 01214424000),
(178, 3, 629, 1, 01214424000),
(179, 3, 630, 1, 01214424000),
(180, 3, 631, 1, 01214424000),
(181, 3, 634, 1, 01214424000),
(182, 3, 637, 1, 01214424000),
(183, 3, 638, 1, 01214424000),
(184, 3, 639, 1, 01214424000),
(185, 3, 645, 1, 01214424000),
(186, 3, 650, 1, 01214424000),
(187, 3, 652, 1, 01214424000),
(188, 3, 656, 1, 01214424000),
(189, 3, 657, 1, 01214424000),
(190, 3, 661, 1, 01214424000),
(191, 3, 664, 1, 01214424000),
(192, 3, 666, 1, 01214424000),
(193, 3, 667, 1, 01214424000),
(194, 3, 670, 1, 01214424000),
(195, 3, 671, 1, 01214424000),
(196, 3, 673, 1, 01214424000),
(197, 3, 674, 1, 01214424000),
(198, 3, 679, 1, 01214424000),
(199, 3, 680, 1, 01214424000),
(200, 3, 681, 1, 01214424000),
(201, 3, 682, 1, 01214424000),
(202, 3, 683, 1, 01214424000),
(203, 3, 684, 1, 01214424000),
(204, 3, 685, 1, 01214424000),
(205, 3, 686, 1, 01214424000),
(206, 3, 687, 1, 01214424000),
(207, 3, 690, 1, 01214424000),
(208, 3, 691, 1, 01214424000),
(209, 3, 692, 1, 01214424000),
(210, 3, 695, 1, 01214424000),
(211, 3, 698, 1, 01214424000),
(212, 3, 700, 1, 01214424000),
(213, 3, 701, 1, 01214424000),
(214, 3, 705, 1, 01214424000),
(215, 3, 708, 1, 01214424000),
(216, 3, 710, 1, 01214424000),
(217, 3, 713, 1, 01214424000),
(218, 3, 714, 1, 01214424000),
(219, 3, 716, 1, 01214424000),
(220, 3, 719, 1, 01214424000),
(221, 3, 720, 1, 01214424000),
(222, 3, 724, 1, 01214424000),
(223, 3, 726, 1, 01214424000),
(224, 3, 727, 1, 01214424000),
(225, 3, 728, 1, 01214424000),
(226, 3, 730, 1, 01214424000),
(227, 3, 731, 1, 01214424000),
(228, 3, 732, 1, 01214424000),
(229, 3, 733, 1, 01214424000),
(230, 3, 734, 1, 01214424000),
(231, 3, 735, 1, 01214424000),
(232, 3, 737, 1, 01214424000),
(233, 3, 739, 1, 01214424000),
(234, 3, 740, 1, 01214424000),
(235, 3, 742, 1, 01214424000),
(236, 3, 744, 1, 01214424000),
(237, 3, 746, 1, 01214424000),
(238, 3, 747, 1, 01214424000),
(239, 3, 749, 1, 01214424000),
(240, 3, 751, 1, 01214424000),
(241, 3, 756, 1, 01214424000),
(242, 3, 758, 1, 01214424000),
(243, 3, 759, 1, 01214424000),
(244, 3, 762, 1, 01214424000),
(245, 3, 763, 1, 01214424000),
(246, 3, 764, 1, 01214424000),
(247, 3, 766, 1, 01214424000),
(248, 3, 767, 1, 01214424000),
(249, 3, 771, 1, 01214424000),
(250, 3, 772, 1, 01214424000),
(251, 3, 773, 1, 01214424000),
(252, 3, 779, 1, 01214424000),
(253, 3, 782, 1, 01214424000),
(254, 3, 783, 1, 01214424000),
(255, 3, 784, 1, 01214424000),
(256, 3, 787, 1, 01214424000),
(257, 3, 789, 1, 01214424000),
(258, 3, 794, 1, 01214424000),
(259, 3, 796, 1, 01214424000),
(260, 3, 799, 1, 01214424000),
(261, 3, 800, 1, 01214424000),
(262, 3, 803, 1, 01214424000),
(263, 3, 804, 1, 01214424000),
(264, 3, 805, 1, 01214424000),
(265, 3, 806, 1, 01214424000),
(266, 3, 807, 1, 01214424000),
(267, 3, 809, 1, 01214424000),
(268, 3, 810, 1, 01214424000),
(269, 3, 813, 1, 01214424000),
(270, 3, 814, 1, 01214424000),
(271, 3, 815, 1, 01214424000),
(272, 3, 816, 1, 01214424000),
(273, 3, 818, 1, 01214424000),
(274, 3, 819, 1, 01214424000),
(275, 3, 824, 1, 01214424000),
(276, 3, 826, 1, 01214424000),
(277, 3, 831, 1, 01214424000),
(278, 3, 834, 1, 01214424000),
(279, 3, 836, 1, 01214424000),
(280, 3, 838, 1, 01214424000),
(281, 3, 840, 1, 01214424000),
(282, 3, 841, 1, 01214424000),
(283, 3, 843, 1, 01214424000),
(284, 3, 844, 1, 01214424000),
(285, 3, 846, 1, 01214424000),
(286, 3, 847, 1, 01214424000),
(287, 3, 848, 1, 01214424000),
(288, 3, 849, 1, 01214424000),
(289, 3, 851, 1, 01214424000),
(290, 3, 852, 1, 01214424000),
(291, 3, 853, 1, 01214424000),
(292, 3, 855, 1, 01214424000),
(293, 3, 856, 1, 01214424000),
(294, 3, 857, 1, 01214424000),
(295, 3, 859, 1, 01214424000),
(296, 3, 863, 1, 01214424000),
(297, 3, 866, 1, 01214424000),
(298, 3, 868, 1, 01214424000),
(299, 3, 869, 1, 01214424000),
(300, 3, 873, 1, 01214424000),
(301, 3, 875, 1, 01214424000),
(302, 3, 884, 1, 01214424000),
(303, 3, 885, 1, 01214424000),
(304, 3, 887, 1, 01214424000),
(305, 3, 890, 1, 01214424000),
(306, 3, 892, 1, 01214424000),
(307, 3, 893, 1, 01214424000),
(308, 3, 894, 1, 01214424000),
(309, 3, 895, 1, 01214424000),
(310, 3, 896, 1, 01214424000),
(311, 3, 898, 1, 01214424000),
(312, 3, 900, 1, 01214424000),
(313, 3, 901, 1, 01214424000),
(314, 3, 906, 1, 01214424000),
(315, 3, 908, 1, 01214424000),
(316, 3, 912, 1, 01214424000),
(317, 3, 913, 1, 01214424000),
(318, 3, 914, 1, 01214424000),
(319, 3, 916, 1, 01214424000),
(320, 3, 917, 1, 01214424000),
(321, 3, 919, 1, 01214424000),
(322, 3, 921, 1, 01214424000),
(323, 3, 922, 1, 01214424000),
(324, 3, 924, 1, 01214424000),
(325, 3, 926, 1, 01214424000),
(326, 3, 931, 1, 01214424000),
(327, 3, 932, 1, 01214424000),
(328, 3, 933, 1, 01214424000),
(329, 3, 934, 1, 01214424000),
(330, 3, 936, 1, 01214424000),
(331, 3, 937, 1, 01214424000),
(332, 3, 938, 1, 01214424000),
(333, 3, 942, 1, 01214424000),
(334, 3, 944, 1, 01214424000),
(335, 3, 947, 1, 01214424000),
(336, 3, 948, 1, 01214424000),
(337, 3, 954, 1, 01214424000),
(338, 3, 956, 1, 01214424000),
(339, 3, 960, 1, 01214424000),
(340, 3, 961, 1, 01214424000),
(341, 3, 962, 1, 01214424000),
(342, 3, 964, 1, 01214424000),
(343, 3, 967, 1, 01214424000),
(344, 3, 968, 1, 01214424000),
(345, 3, 971, 1, 01214424000),
(346, 3, 974, 1, 01214424000),
(347, 3, 978, 1, 01214424000),
(348, 3, 980, 1, 01214424000),
(349, 3, 981, 1, 01214424000),
(350, 3, 984, 1, 01214424000),
(351, 3, 986, 1, 01214424000),
(352, 3, 988, 1, 01214424000),
(353, 3, 990, 1, 01214424000),
(354, 3, 991, 1, 01214424000),
(355, 3, 995, 1, 01214424000),
(356, 3, 998, 1, 01214424000),
(357, 3, 1000, 1, 01214424000),
(358, 3, 1002, 1, 01214424000),
(359, 3, 1003, 1, 01214424000),
(360, 3, 1004, 1, 01214424000),
(361, 3, 1009, 1, 01214424000),
(362, 3, 1011, 1, 01214424000),
(363, 3, 1014, 1, 01214424000),
(364, 3, 1016, 1, 01214424000),
(365, 3, 1017, 1, 01214424000),
(366, 3, 1018, 1, 01214424000),
(367, 3, 1020, 1, 01214424000),
(368, 3, 1021, 1, 01214424000),
(369, 3, 1022, 1, 01214424000),
(370, 3, 1023, 1, 01214424000),
(371, 3, 1025, 1, 01214424000),
(372, 3, 1028, 1, 01214424000),
(373, 3, 1030, 1, 01214424000),
(374, 3, 1032, 1, 01214424000),
(375, 3, 1033, 1, 01214424000),
(376, 3, 1037, 1, 01214424000),
(377, 3, 1039, 1, 01214424000),
(378, 3, 1040, 1, 01214424000),
(379, 3, 1043, 1, 01214424000),
(380, 3, 1045, 1, 01214424000),
(381, 3, 1047, 1, 01214424000),
(382, 3, 1051, 1, 01214424000),
(383, 3, 1056, 1, 01214424000),
(384, 3, 1057, 1, 01214424000),
(385, 3, 1063, 1, 01214424000),
(386, 3, 1066, 1, 01214424000),
(387, 3, 1068, 1, 01214424000),
(388, 3, 1073, 1, 01214424000),
(389, 3, 1076, 1, 01214424000),
(390, 3, 1083, 1, 01214424000),
(391, 3, 1085, 1, 01214424000),
(392, 3, 1087, 1, 01214424000),
(393, 3, 1088, 1, 01214424000),
(394, 3, 1090, 1, 01214424000),
(395, 3, 1092, 1, 01214424000),
(396, 3, 1093, 1, 01214424000),
(397, 3, 1095, 1, 01214424000),
(398, 3, 1097, 1, 01214424000),
(399, 3, 1099, 1, 01214424000),
(400, 3, 1100, 1, 01214424000),
(401, 3, 1102, 1, 01214424000),
(402, 3, 1105, 1, 01214424000),
(403, 3, 1108, 1, 01214424000),
(404, 3, 1111, 1, 01214424000),
(405, 3, 1112, 1, 01214424000),
(406, 3, 1114, 1, 01214424000),
(407, 3, 1122, 1, 01214424000),
(408, 3, 1124, 1, 01214424000),
(409, 3, 1125, 1, 01214424000),
(410, 3, 1126, 1, 01214424000),
(411, 3, 1128, 1, 01214424000),
(412, 3, 1129, 1, 01214424000),
(413, 3, 1131, 1, 01214424000),
(414, 3, 1134, 1, 01214424000),
(415, 3, 1137, 1, 01214424000),
(416, 3, 1138, 1, 01214424000),
(417, 3, 1139, 1, 01214424000),
(418, 3, 1141, 1, 01214424000),
(419, 3, 1142, 1, 01214424000),
(420, 3, 1144, 1, 01214424000),
(421, 3, 1145, 1, 01214424000),
(422, 3, 1147, 1, 01214424000),
(423, 3, 1151, 1, 01214424000),
(424, 3, 1152, 1, 01214424000),
(425, 3, 1155, 1, 01214424000),
(426, 3, 1156, 1, 01214424000),
(427, 3, 1160, 1, 01214424000),
(428, 3, 1163, 1, 01214424000),
(429, 3, 1165, 1, 01214424000),
(430, 3, 1167, 1, 01214424000),
(431, 3, 1168, 1, 01214424000),
(432, 3, 1169, 1, 01214424000),
(433, 3, 1170, 1, 01214424000),
(434, 3, 1171, 1, 01214424000),
(435, 3, 1173, 1, 01214424000),
(436, 3, 1179, 1, 01214424000),
(437, 3, 1180, 1, 01214424000),
(438, 3, 1182, 1, 01214424000),
(439, 3, 1184, 1, 01214424000),
(440, 3, 1188, 1, 01214424000),
(441, 3, 1189, 1, 01214424000),
(442, 3, 1192, 1, 01214424000),
(443, 3, 1195, 1, 01214424000),
(444, 3, 1198, 1, 01214424000),
(445, 3, 1199, 1, 01214424000),
(446, 3, 1200, 1, 01214424000),
(447, 3, 1203, 1, 01214424000),
(448, 3, 1205, 1, 01214424000),
(449, 3, 1208, 1, 01214424000),
(450, 3, 1209, 1, 01214424000),
(451, 3, 1212, 1, 01214424000),
(452, 3, 1213, 1, 01214424000),
(453, 3, 1216, 1, 01214424000),
(454, 3, 1217, 1, 01214424000),
(455, 3, 1219, 1, 01214424000),
(456, 3, 1220, 1, 01214424000),
(457, 3, 1222, 1, 01214424000),
(458, 3, 1223, 1, 01214424000),
(459, 3, 1224, 1, 01214424000),
(460, 3, 1228, 1, 01214424000),
(461, 3, 1230, 1, 01214424000),
(462, 3, 1233, 1, 01214424000),
(463, 3, 1234, 1, 01214424000),
(464, 3, 1238, 1, 01214424000),
(465, 3, 1240, 1, 01214424000),
(466, 3, 1241, 1, 01214424000),
(467, 3, 1242, 1, 01214424000),
(468, 3, 1244, 1, 01214424000),
(469, 3, 1249, 1, 01214424000),
(470, 3, 1250, 1, 01214424000),
(471, 3, 1251, 1, 01214424000),
(472, 3, 1255, 1, 01214424000),
(473, 3, 1258, 1, 01214424000),
(474, 3, 1259, 1, 01214424000),
(475, 3, 1260, 1, 01214424000),
(476, 3, 1263, 1, 01214424000),
(477, 3, 1266, 1, 01214424000),
(478, 3, 1267, 1, 01214424000),
(479, 3, 1270, 1, 01214424000),
(480, 3, 1272, 1, 01214424000),
(481, 3, 1276, 1, 01214424000),
(482, 3, 1279, 1, 01214424000),
(483, 3, 1280, 1, 01214424000),
(484, 3, 1281, 1, 01214424000),
(485, 3, 1282, 1, 01214424000),
(486, 3, 1283, 1, 01214424000),
(487, 3, 1285, 1, 01214424000),
(488, 3, 1288, 1, 01214424000),
(489, 3, 1289, 1, 01214424000),
(490, 3, 1290, 1, 01214424000),
(491, 3, 1296, 1, 01214424000),
(492, 3, 1297, 1, 01214424000),
(493, 3, 1298, 1, 01214424000),
(494, 3, 1299, 1, 01214424000),
(495, 3, 1301, 1, 01214424000),
(496, 3, 1302, 1, 01214424000),
(497, 3, 1303, 1, 01214424000),
(498, 3, 1307, 1, 01214424000),
(499, 3, 1312, 1, 01214424000),
(500, 3, 1313, 1, 01214424000),
(501, 3, 1316, 1, 01214424000),
(502, 3, 1317, 1, 01214424000),
(503, 3, 1318, 1, 01214424000),
(504, 3, 1321, 1, 01214424000),
(505, 3, 1322, 1, 01214424000),
(506, 3, 1323, 1, 01214424000),
(507, 3, 1325, 1, 01214424000),
(508, 3, 1327, 1, 01214424000),
(509, 3, 1328, 1, 01214424000),
(510, 3, 1330, 1, 01214424000),
(511, 3, 1335, 1, 01214424000),
(512, 3, 1336, 1, 01214424000),
(513, 3, 1338, 1, 01214424000),
(514, 3, 1341, 1, 01214424000),
(515, 3, 1342, 1, 01214424000),
(516, 3, 1343, 1, 01214424000),
(517, 3, 1344, 1, 01214424000),
(518, 3, 1345, 1, 01214424000),
(519, 3, 1346, 1, 01214424000),
(520, 3, 1349, 1, 01214424000),
(521, 3, 1352, 1, 01214424000),
(522, 3, 1355, 1, 01214424000),
(523, 3, 1358, 1, 01214424000),
(524, 3, 1362, 1, 01214424000),
(525, 3, 1363, 1, 01214424000),
(526, 3, 1364, 1, 01214424000),
(527, 3, 1365, 1, 01214424000),
(528, 3, 1369, 1, 01214424000),
(529, 3, 1370, 1, 01214424000),
(530, 3, 1371, 1, 01214424000),
(531, 3, 1372, 1, 01214424000),
(532, 3, 1378, 1, 01214424000),
(533, 3, 1379, 1, 01214424000),
(534, 3, 1380, 1, 01214424000),
(535, 3, 1383, 1, 01214424000),
(536, 3, 1385, 1, 01214424000),
(537, 3, 1388, 1, 01214424000),
(538, 3, 1394, 1, 01214424000),
(539, 3, 1396, 1, 01214424000),
(540, 3, 1398, 1, 01214424000),
(541, 3, 1399, 1, 01214424000),
(542, 3, 1401, 1, 01214424000),
(543, 3, 1403, 1, 01214424000),
(544, 3, 1407, 1, 01214424000),
(545, 3, 1408, 1, 01214424000),
(546, 3, 1411, 1, 01214424000),
(547, 3, 1414, 1, 01214424000),
(548, 3, 1415, 1, 01214424000),
(549, 3, 1416, 1, 01214424000),
(550, 3, 1420, 1, 01214424000),
(551, 3, 1421, 1, 01214424000),
(552, 3, 1423, 1, 01214424000),
(553, 3, 1425, 1, 01214424000),
(554, 3, 1426, 1, 01214424000),
(555, 3, 1427, 1, 01214424000),
(556, 3, 1433, 1, 01214424000),
(557, 3, 1434, 1, 01214424000),
(558, 3, 1437, 1, 01214424000),
(559, 3, 1438, 1, 01214424000),
(560, 3, 1439, 1, 01214424000),
(561, 3, 1443, 1, 01214424000),
(562, 3, 1444, 1, 01214424000),
(563, 3, 1448, 1, 01214424000),
(564, 3, 1450, 1, 01214424000),
(565, 3, 1452, 1, 01214424000),
(566, 3, 1454, 1, 01214424000),
(567, 3, 1455, 1, 01214424000),
(568, 3, 1758, 1, 01214424000),
(569, 3, 1759, 1, 01214424000),
(570, 3, 1760, 1, 01214424000),
(571, 3, 1763, 1, 01214424000),
(572, 3, 1765, 1, 01214424000),
(573, 3, 1767, 1, 01214424000),
(574, 3, 1768, 1, 01214424000),
(575, 3, 1770, 1, 01214424000),
(576, 3, 1771, 1, 01214424000),
(577, 3, 1774, 1, 01214424000),
(578, 3, 1781, 1, 01214424000),
(579, 3, 1782, 1, 01214424000),
(580, 3, 1787, 1, 01214424000),
(581, 3, 1789, 1, 01214424000),
(582, 3, 1790, 1, 01214424000),
(583, 3, 1796, 1, 01214424000),
(584, 3, 1797, 1, 01214424000),
(585, 3, 1799, 1, 01214424000),
(586, 3, 1800, 1, 01214424000),
(587, 3, 1801, 1, 01214424000),
(588, 3, 1804, 1, 01214424000),
(589, 3, 1805, 1, 01214424000),
(590, 3, 1807, 1, 01214424000),
(591, 3, 1809, 1, 01214424000),
(592, 3, 1812, 1, 01214424000),
(593, 3, 1813, 1, 01214424000),
(594, 3, 1814, 1, 01214424000),
(595, 3, 1817, 1, 01214424000),
(596, 3, 1819, 1, 01214424000),
(597, 3, 1820, 1, 01214424000),
(598, 3, 1821, 1, 01214424000),
(599, 3, 1824, 1, 01214424000),
(600, 3, 1825, 1, 01214424000),
(601, 3, 1827, 1, 01214424000),
(602, 3, 1829, 1, 01214424000),
(603, 3, 1832, 1, 01214424000),
(604, 3, 1835, 1, 01214424000),
(605, 3, 1836, 1, 01214424000),
(606, 3, 1838, 1, 01214424000),
(607, 3, 1842, 1, 01214424000),
(608, 3, 1843, 1, 01214424000),
(609, 3, 1852, 1, 01214424000),
(610, 3, 1853, 1, 01214424000),
(611, 3, 1854, 1, 01214424000),
(612, 3, 1856, 1, 01214424000),
(613, 3, 1857, 1, 01214424000),
(614, 3, 1858, 1, 01214424000),
(615, 3, 1860, 1, 01214424000),
(616, 3, 1861, 1, 01214424000),
(617, 3, 1863, 1, 01214424000),
(618, 3, 1864, 1, 01214424000),
(619, 3, 1865, 1, 01214424000),
(620, 3, 1866, 1, 01214424000),
(621, 3, 1867, 1, 01214424000),
(622, 3, 1868, 1, 01214424000),
(623, 3, 1869, 1, 01214424000),
(624, 3, 1870, 1, 01214424000),
(625, 3, 1871, 1, 01214424000),
(626, 3, 1872, 1, 01214424000),
(627, 3, 1873, 1, 01214424000),
(628, 3, 1874, 1, 01214424000),
(629, 3, 1875, 1, 01214424000),
(630, 3, 1876, 1, 01214424000),
(631, 3, 1878, 1, 01214424000),
(632, 3, 1879, 1, 01214424000),
(633, 3, 1880, 1, 01214424000),
(634, 3, 1881, 1, 01214424000),
(635, 3, 1883, 1, 01214424000),
(636, 3, 1884, 1, 01214424000),
(637, 3, 1886, 1, 01214424000),
(638, 3, 1889, 1, 01214424000),
(639, 3, 1890, 1, 01214424000),
(640, 3, 1891, 1, 01214424000),
(641, 3, 1894, 1, 01214424000),
(642, 3, 1895, 1, 01214424000),
(643, 3, 1896, 1, 01214424000),
(644, 3, 1897, 1, 01214424000),
(645, 3, 1898, 1, 01214424000),
(646, 3, 1899, 1, 01214424000),
(647, 3, 1900, 1, 01214424000),
(648, 3, 1901, 1, 01214424000),
(649, 3, 1902, 1, 01214424000),
(650, 3, 1905, 1, 01214424000),
(651, 3, 1906, 1, 01214424000),
(652, 3, 1909, 1, 01214424000),
(653, 3, 1911, 1, 01214424000),
(654, 3, 1912, 1, 01214424000),
(655, 3, 1914, 1, 01214424000),
(656, 3, 1915, 1, 01214424000),
(657, 3, 1917, 1, 01214424000),
(658, 3, 1921, 1, 01214424000),
(659, 3, 1926, 1, 01214424000),
(660, 3, 1927, 1, 01214424000),
(661, 3, 1928, 1, 01214424000),
(662, 3, 1933, 1, 01214424000),
(663, 3, 1934, 1, 01214424000),
(664, 3, 1935, 1, 01214424000),
(665, 3, 1936, 1, 01214424000),
(666, 3, 1938, 1, 01214424000),
(667, 3, 1939, 1, 01214424000),
(668, 3, 1941, 1, 01214424000),
(669, 3, 1942, 1, 01214424000),
(670, 3, 1943, 1, 01214424000),
(671, 3, 1944, 1, 01214424000),
(672, 3, 1946, 1, 01214424000),
(673, 3, 1947, 1, 01214424000),
(674, 3, 1948, 1, 01214424000),
(675, 3, 1949, 1, 01214424000),
(676, 3, 1951, 1, 01214424000),
(677, 3, 1954, 1, 01214424000),
(678, 3, 1955, 1, 01214424000),
(679, 3, 1956, 1, 01214424000),
(680, 3, 1957, 1, 01214424000),
(681, 3, 1958, 1, 01214424000),
(682, 3, 1962, 1, 01214424000),
(683, 3, 1963, 1, 01214424000),
(684, 3, 1965, 1, 01214424000),
(685, 3, 1967, 1, 01214424000),
(686, 3, 1969, 1, 01214424000),
(687, 3, 1970, 1, 01214424000),
(688, 3, 1971, 1, 01214424000),
(689, 3, 1972, 1, 01214424000),
(690, 3, 1973, 1, 01214424000),
(691, 3, 1975, 1, 01214424000),
(692, 3, 1977, 1, 01214424000),
(693, 3, 1978, 1, 01214424000),
(694, 3, 1980, 1, 01214424000),
(695, 3, 1982, 1, 01214424000),
(696, 3, 1983, 1, 01214424000),
(697, 3, 1984, 1, 01214424000),
(698, 3, 1985, 1, 01214424000),
(699, 3, 1987, 1, 01214424000),
(700, 3, 1988, 1, 01214424000),
(701, 3, 1989, 1, 01214424000),
(702, 3, 1990, 1, 01214424000),
(703, 3, 1991, 1, 01214424000),
(704, 3, 1992, 1, 01214424000),
(705, 3, 1993, 1, 01214424000),
(706, 3, 1994, 1, 01214424000),
(707, 3, 1995, 1, 01214424000),
(708, 3, 1997, 1, 01214424000),
(709, 3, 1999, 1, 01214424000),
(710, 3, 2000, 1, 01214424000),
(711, 3, 2001, 1, 01214424000),
(712, 3, 2002, 1, 01214424000),
(713, 3, 2003, 1, 01214424000),
(714, 3, 2004, 1, 01214424000),
(715, 3, 2006, 1, 01214424000),
(716, 3, 2007, 1, 01214424000),
(717, 3, 2009, 1, 01214424000),
(718, 3, 2010, 1, 01214424000),
(719, 3, 2011, 1, 01214424000),
(720, 3, 2012, 1, 01214424000),
(721, 3, 2015, 1, 01214424000),
(722, 3, 2016, 1, 01214424000),
(723, 3, 2017, 1, 01214424000),
(724, 3, 2018, 1, 01214424000),
(725, 3, 2020, 1, 01214424000),
(726, 3, 2021, 1, 01214424000),
(727, 3, 2022, 1, 01214424000),
(728, 3, 2023, 1, 01214424000),
(729, 3, 2024, 1, 01214424000),
(730, 3, 2025, 1, 01214424000),
(731, 3, 2027, 1, 01214424000),
(732, 3, 2028, 1, 01214424000),
(733, 3, 2030, 1, 01214424000),
(734, 3, 2031, 1, 01214424000),
(735, 3, 2032, 1, 01214424000),
(736, 3, 2034, 1, 01214424000),
(737, 3, 2035, 1, 01214424000),
(738, 3, 2036, 1, 01214424000),
(739, 3, 2037, 1, 01214424000),
(740, 3, 2038, 1, 01214424000),
(741, 3, 2039, 1, 01214424000),
(742, 3, 2040, 1, 01214424000),
(743, 3, 2041, 1, 01214424000),
(744, 3, 2042, 1, 01214424000),
(745, 3, 2043, 1, 01214424000),
(746, 3, 2047, 1, 01214424000),
(747, 3, 2048, 1, 01214424000),
(748, 3, 2049, 1, 01214424000),
(749, 3, 2050, 1, 01214424000),
(750, 3, 2051, 1, 01214424000),
(751, 3, 2052, 1, 01214424000),
(752, 3, 2053, 1, 01214424000),
(753, 3, 2054, 1, 01214424000),
(754, 3, 2055, 1, 01214424000),
(755, 3, 2056, 1, 01214424000),
(756, 3, 2057, 1, 01214424000),
(757, 3, 2058, 1, 01214424000),
(758, 3, 2059, 1, 01214424000),
(759, 3, 2060, 1, 01214424000),
(760, 3, 2061, 1, 01214424000),
(761, 3, 2062, 1, 01214424000),
(762, 3, 2063, 1, 01214424000),
(763, 3, 2064, 1, 01214424000),
(764, 3, 2065, 1, 01214424000),
(765, 3, 2066, 1, 01214424000),
(766, 3, 2069, 1, 01214424000),
(767, 3, 2070, 1, 01214424000),
(768, 3, 2071, 1, 01214424000),
(769, 3, 2072, 1, 01214424000),
(770, 3, 2074, 1, 01214424000),
(771, 3, 2075, 1, 01214424000),
(772, 3, 2076, 1, 01214424000),
(773, 3, 2077, 1, 01214424000),
(774, 3, 2078, 1, 01214424000),
(775, 3, 2079, 1, 01214424000),
(776, 3, 2081, 1, 01214424000),
(777, 3, 2085, 1, 01214424000),
(778, 3, 2086, 1, 01214424000),
(779, 3, 2087, 1, 01214424000),
(780, 3, 2088, 1, 01214424000),
(781, 3, 2089, 1, 01214424000),
(782, 3, 2090, 1, 01214424000),
(783, 3, 2091, 1, 01214424000),
(784, 3, 2093, 1, 01214424000),
(785, 3, 2094, 1, 01214424000),
(786, 3, 2096, 1, 01214424000),
(787, 3, 2097, 1, 01214424000),
(788, 3, 2098, 1, 01214424000),
(789, 3, 2099, 1, 01214424000),
(790, 3, 2100, 1, 01214424000),
(791, 3, 2102, 1, 01214424000),
(792, 3, 2103, 1, 01214424000),
(793, 3, 2104, 1, 01214424000),
(794, 3, 2105, 1, 01214424000),
(795, 3, 2107, 1, 01214424000),
(796, 3, 2108, 1, 01214424000),
(797, 3, 2109, 1, 01214424000),
(798, 3, 2111, 1, 01214424000),
(799, 3, 2114, 1, 01214424000),
(800, 3, 2115, 1, 01214424000),
(801, 3, 2117, 1, 01214424000),
(802, 3, 2118, 1, 01214424000),
(803, 3, 2119, 1, 01214424000),
(804, 3, 2120, 1, 01214424000),
(805, 3, 2121, 1, 01214424000),
(806, 3, 2122, 1, 01214424000),
(807, 3, 2123, 1, 01214424000),
(808, 3, 2125, 1, 01214424000),
(809, 3, 2126, 1, 01214424000),
(810, 3, 2127, 1, 01214424000),
(811, 3, 2128, 1, 01214424000),
(812, 3, 2129, 1, 01214424000),
(813, 3, 2130, 1, 01214424000),
(814, 3, 2131, 1, 01214424000),
(815, 3, 2132, 1, 01214424000),
(816, 3, 2133, 1, 01214424000),
(817, 3, 2134, 1, 01214424000),
(818, 3, 2135, 1, 01214424000),
(819, 3, 2136, 1, 01214424000),
(820, 3, 2137, 1, 01214424000),
(821, 3, 2138, 1, 01214424000),
(822, 3, 2140, 1, 01214424000),
(823, 3, 2141, 1, 01214424000),
(824, 3, 2142, 1, 01214424000),
(825, 3, 2143, 1, 01214424000),
(826, 3, 2144, 1, 01214424000),
(827, 3, 2145, 1, 01214424000),
(828, 3, 2146, 1, 01214424000),
(829, 3, 2147, 1, 01214424000),
(830, 3, 2148, 1, 01214424000),
(831, 3, 2149, 1, 01214424000),
(832, 3, 2152, 1, 01214424000),
(833, 3, 2153, 1, 01214424000),
(834, 3, 2154, 1, 01214424000),
(835, 3, 2155, 1, 01214424000),
(836, 3, 2156, 1, 01214424000),
(837, 3, 2158, 1, 01214424000),
(838, 3, 2160, 1, 01214424000),
(839, 3, 2161, 1, 01214424000),
(840, 4, 61, 1, 01214424000),
(841, 4, 240, 1, 01214424000),
(842, 4, 256, 1, 01214424000),
(843, 4, 258, 1, 01214424000),
(844, 4, 268, 1, 01214424000),
(845, 4, 274, 1, 01214424000),
(846, 4, 275, 1, 01214424000),
(847, 4, 282, 1, 01214424000),
(848, 4, 291, 1, 01214424000),
(849, 4, 294, 1, 01214424000),
(850, 4, 295, 1, 01214424000),
(851, 4, 296, 1, 01214424000),
(852, 4, 297, 1, 01214424000),
(853, 4, 299, 1, 01214424000),
(854, 4, 300, 1, 01214424000),
(855, 4, 303, 1, 01214424000),
(856, 4, 307, 1, 01214424000),
(857, 4, 309, 1, 01214424000),
(858, 4, 314, 1, 01214424000),
(859, 4, 317, 1, 01214424000),
(860, 4, 320, 1, 01214424000),
(861, 4, 322, 1, 01214424000),
(862, 4, 323, 1, 01214424000),
(863, 4, 327, 1, 01214424000),
(864, 4, 328, 1, 01214424000),
(865, 4, 333, 1, 01214424000),
(866, 4, 337, 1, 01214424000),
(867, 4, 340, 1, 01214424000),
(868, 4, 343, 1, 01214424000),
(869, 4, 344, 1, 01214424000),
(870, 4, 347, 1, 01214424000),
(871, 4, 349, 1, 01214424000),
(872, 4, 351, 1, 01214424000),
(873, 4, 353, 1, 01214424000),
(874, 4, 356, 1, 01214424000),
(875, 4, 357, 1, 01214424000),
(876, 4, 358, 1, 01214424000),
(877, 4, 360, 1, 01214424000),
(878, 4, 361, 1, 01214424000),
(879, 4, 364, 1, 01214424000),
(880, 4, 367, 1, 01214424000),
(881, 4, 370, 1, 01214424000),
(882, 4, 375, 1, 01214424000),
(883, 4, 382, 1, 01214424000),
(884, 4, 383, 1, 01214424000),
(885, 4, 384, 1, 01214424000),
(886, 4, 398, 1, 01214424000),
(887, 4, 404, 1, 01214424000),
(888, 4, 413, 1, 01214424000),
(889, 4, 415, 1, 01214424000),
(890, 4, 417, 1, 01214424000),
(891, 4, 418, 1, 01214424000),
(892, 4, 420, 1, 01214424000),
(893, 4, 423, 1, 01214424000),
(894, 4, 424, 1, 01214424000),
(895, 4, 425, 1, 01214424000),
(896, 4, 427, 1, 01214424000),
(897, 4, 433, 1, 01214424000),
(898, 4, 435, 1, 01214424000),
(899, 4, 436, 1, 01214424000),
(900, 4, 439, 1, 01214424000),
(901, 4, 440, 1, 01214424000),
(902, 4, 442, 1, 01214424000),
(903, 4, 445, 1, 01214424000),
(904, 4, 447, 1, 01214424000),
(905, 4, 449, 1, 01214424000),
(906, 4, 453, 1, 01214424000),
(907, 4, 456, 1, 01214424000),
(908, 4, 459, 1, 01214424000),
(909, 4, 460, 1, 01214424000),
(910, 4, 465, 1, 01214424000),
(911, 4, 469, 1, 01214424000),
(912, 4, 470, 1, 01214424000),
(913, 4, 473, 1, 01214424000),
(914, 4, 474, 1, 01214424000),
(915, 4, 480, 1, 01214424000),
(916, 4, 483, 1, 01214424000),
(917, 4, 486, 1, 01214424000),
(918, 4, 490, 1, 01214424000),
(919, 4, 491, 1, 01214424000),
(920, 4, 493, 1, 01214424000),
(921, 4, 499, 1, 01214424000),
(922, 4, 501, 1, 01214424000),
(923, 4, 503, 1, 01214424000),
(924, 4, 506, 1, 01214424000),
(925, 4, 509, 1, 01214424000),
(926, 4, 515, 1, 01214424000),
(927, 4, 516, 1, 01214424000),
(928, 4, 521, 1, 01214424000),
(929, 4, 531, 1, 01214424000),
(930, 4, 537, 1, 01214424000),
(931, 4, 540, 1, 01214424000),
(932, 4, 542, 1, 01214424000),
(933, 4, 545, 1, 01214424000),
(934, 4, 552, 1, 01214424000),
(935, 4, 553, 1, 01214424000),
(936, 4, 556, 1, 01214424000),
(937, 4, 560, 1, 01214424000),
(938, 4, 561, 1, 01214424000),
(939, 4, 563, 1, 01214424000),
(940, 4, 566, 1, 01214424000),
(941, 4, 570, 1, 01214424000),
(942, 4, 575, 1, 01214424000),
(943, 4, 579, 1, 01214424000),
(944, 4, 581, 1, 01214424000),
(945, 4, 584, 1, 01214424000),
(946, 4, 585, 1, 01214424000),
(947, 4, 587, 1, 01214424000),
(948, 4, 593, 1, 01214424000),
(949, 4, 594, 1, 01214424000),
(950, 4, 597, 1, 01214424000),
(951, 4, 603, 1, 01214424000),
(952, 4, 604, 1, 01214424000),
(953, 4, 605, 1, 01214424000),
(954, 4, 607, 1, 01214424000),
(955, 4, 608, 1, 01214424000),
(956, 4, 617, 1, 01214424000),
(957, 4, 625, 1, 01214424000),
(958, 4, 626, 1, 01214424000),
(959, 4, 627, 1, 01214424000),
(960, 4, 628, 1, 01214424000),
(961, 4, 635, 1, 01214424000),
(962, 4, 640, 1, 01214424000),
(963, 4, 647, 1, 01214424000),
(964, 4, 651, 1, 01214424000),
(965, 4, 654, 1, 01214424000),
(966, 4, 655, 1, 01214424000),
(967, 4, 659, 1, 01214424000),
(968, 4, 662, 1, 01214424000),
(969, 4, 663, 1, 01214424000),
(970, 4, 665, 1, 01214424000),
(971, 4, 668, 1, 01214424000),
(972, 4, 675, 1, 01214424000),
(973, 4, 676, 1, 01214424000),
(974, 4, 689, 1, 01214424000),
(975, 4, 693, 1, 01214424000),
(976, 4, 699, 1, 01214424000),
(977, 4, 702, 1, 01214424000),
(978, 4, 711, 1, 01214424000),
(979, 4, 718, 1, 01214424000),
(980, 4, 721, 1, 01214424000),
(981, 4, 723, 1, 01214424000),
(982, 4, 736, 1, 01214424000),
(983, 4, 738, 1, 01214424000),
(984, 4, 745, 1, 01214424000),
(985, 4, 750, 1, 01214424000),
(986, 4, 757, 1, 01214424000),
(987, 4, 760, 1, 01214424000),
(988, 4, 761, 1, 01214424000),
(989, 4, 765, 1, 01214424000),
(990, 4, 769, 1, 01214424000),
(991, 4, 770, 1, 01214424000),
(992, 4, 776, 1, 01214424000),
(993, 4, 777, 1, 01214424000),
(994, 4, 778, 1, 01214424000),
(995, 4, 780, 1, 01214424000),
(996, 4, 781, 1, 01214424000),
(997, 4, 785, 1, 01214424000),
(998, 4, 790, 1, 01214424000),
(999, 4, 792, 1, 01214424000),
(1000, 4, 793, 1, 01214424000),
(1001, 4, 795, 1, 01214424000),
(1002, 4, 797, 1, 01214424000),
(1003, 4, 798, 1, 01214424000),
(1004, 4, 801, 1, 01214424000),
(1005, 4, 808, 1, 01214424000),
(1006, 4, 812, 1, 01214424000),
(1007, 4, 820, 1, 01214424000),
(1008, 4, 821, 1, 01214424000),
(1009, 4, 822, 1, 01214424000),
(1010, 4, 823, 1, 01214424000),
(1011, 4, 825, 1, 01214424000),
(1012, 4, 828, 1, 01214424000),
(1013, 4, 829, 1, 01214424000),
(1014, 4, 830, 1, 01214424000),
(1015, 4, 833, 1, 01214424000),
(1016, 4, 837, 1, 01214424000),
(1017, 4, 842, 1, 01214424000),
(1018, 4, 845, 1, 01214424000),
(1019, 4, 854, 1, 01214424000),
(1020, 4, 858, 1, 01214424000),
(1021, 4, 860, 1, 01214424000),
(1022, 4, 861, 1, 01214424000),
(1023, 4, 862, 1, 01214424000),
(1024, 4, 867, 1, 01214424000),
(1025, 4, 871, 1, 01214424000),
(1026, 4, 872, 1, 01214424000),
(1027, 4, 877, 1, 01214424000),
(1028, 4, 882, 1, 01214424000),
(1029, 4, 883, 1, 01214424000),
(1030, 4, 899, 1, 01214424000),
(1031, 4, 904, 1, 01214424000),
(1032, 4, 905, 1, 01214424000),
(1033, 4, 915, 1, 01214424000),
(1034, 4, 918, 1, 01214424000),
(1035, 4, 920, 1, 01214424000),
(1036, 4, 925, 1, 01214424000),
(1037, 4, 935, 1, 01214424000),
(1038, 4, 941, 1, 01214424000),
(1039, 4, 945, 1, 01214424000),
(1040, 4, 949, 1, 01214424000),
(1041, 4, 950, 1, 01214424000),
(1042, 4, 951, 1, 01214424000),
(1043, 4, 955, 1, 01214424000),
(1044, 4, 957, 1, 01214424000),
(1045, 4, 958, 1, 01214424000),
(1046, 4, 965, 1, 01214424000),
(1047, 4, 970, 1, 01214424000),
(1048, 4, 972, 1, 01214424000),
(1049, 4, 976, 1, 01214424000),
(1050, 4, 977, 1, 01214424000),
(1051, 4, 983, 1, 01214424000),
(1052, 4, 985, 1, 01214424000),
(1053, 4, 992, 1, 01214424000),
(1054, 4, 993, 1, 01214424000),
(1055, 4, 994, 1, 01214424000),
(1056, 4, 996, 1, 01214424000),
(1057, 4, 999, 1, 01214424000),
(1058, 4, 1001, 1, 01214424000),
(1059, 4, 1005, 1, 01214424000),
(1060, 4, 1007, 1, 01214424000),
(1061, 4, 1008, 1, 01214424000),
(1062, 4, 1010, 1, 01214424000),
(1063, 4, 1012, 1, 01214424000),
(1064, 4, 1013, 1, 01214424000),
(1065, 4, 1015, 1, 01214424000),
(1066, 4, 1019, 1, 01214424000),
(1067, 4, 1024, 1, 01214424000),
(1068, 4, 1029, 1, 01214424000),
(1069, 4, 1035, 1, 01214424000),
(1070, 4, 1036, 1, 01214424000),
(1071, 4, 1038, 1, 01214424000),
(1072, 4, 1042, 1, 01214424000),
(1073, 4, 1046, 1, 01214424000),
(1074, 4, 1048, 1, 01214424000),
(1075, 4, 1049, 1, 01214424000),
(1076, 4, 1050, 1, 01214424000),
(1077, 4, 1052, 1, 01214424000),
(1078, 4, 1054, 1, 01214424000),
(1079, 4, 1055, 1, 01214424000),
(1080, 4, 1061, 1, 01214424000),
(1081, 4, 1064, 1, 01214424000),
(1082, 4, 1065, 1, 01214424000),
(1083, 4, 1067, 1, 01214424000),
(1084, 4, 1069, 1, 01214424000),
(1085, 4, 1070, 1, 01214424000),
(1086, 4, 1074, 1, 01214424000),
(1087, 4, 1077, 1, 01214424000),
(1088, 4, 1079, 1, 01214424000),
(1089, 4, 1080, 1, 01214424000),
(1090, 4, 1081, 1, 01214424000),
(1091, 4, 1089, 1, 01214424000),
(1092, 4, 1094, 1, 01214424000),
(1093, 4, 1096, 1, 01214424000),
(1094, 4, 1098, 1, 01214424000),
(1095, 4, 1101, 1, 01214424000),
(1096, 4, 1103, 1, 01214424000),
(1097, 4, 1104, 1, 01214424000),
(1098, 4, 1106, 1, 01214424000),
(1099, 4, 1109, 1, 01214424000),
(1100, 4, 1110, 1, 01214424000),
(1101, 4, 1116, 1, 01214424000),
(1102, 4, 1121, 1, 01214424000),
(1103, 4, 1127, 1, 01214424000),
(1104, 4, 1132, 1, 01214424000),
(1105, 4, 1136, 1, 01214424000),
(1106, 4, 1143, 1, 01214424000),
(1107, 4, 1149, 1, 01214424000),
(1108, 4, 1150, 1, 01214424000),
(1109, 4, 1153, 1, 01214424000),
(1110, 4, 1159, 1, 01214424000),
(1111, 4, 1161, 1, 01214424000),
(1112, 4, 1162, 1, 01214424000),
(1113, 4, 1164, 1, 01214424000),
(1114, 4, 1176, 1, 01214424000),
(1115, 4, 1177, 1, 01214424000),
(1116, 4, 1178, 1, 01214424000),
(1117, 4, 1186, 1, 01214424000),
(1118, 4, 1193, 1, 01214424000),
(1119, 4, 1194, 1, 01214424000),
(1120, 4, 1201, 1, 01214424000),
(1121, 4, 1202, 1, 01214424000),
(1122, 4, 1204, 1, 01214424000),
(1123, 4, 1211, 1, 01214424000),
(1124, 4, 1226, 1, 01214424000),
(1125, 4, 1227, 1, 01214424000),
(1126, 4, 1231, 1, 01214424000),
(1127, 4, 1232, 1, 01214424000),
(1128, 4, 1235, 1, 01214424000),
(1129, 4, 1239, 1, 01214424000),
(1130, 4, 1247, 1, 01214424000),
(1131, 4, 1248, 1, 01214424000),
(1132, 4, 1252, 1, 01214424000),
(1133, 4, 1253, 1, 01214424000),
(1134, 4, 1254, 1, 01214424000),
(1135, 4, 1257, 1, 01214424000),
(1136, 4, 1261, 1, 01214424000),
(1137, 4, 1265, 1, 01214424000),
(1138, 4, 1275, 1, 01214424000),
(1139, 4, 1284, 1, 01214424000),
(1140, 4, 1291, 1, 01214424000),
(1141, 4, 1308, 1, 01214424000),
(1142, 4, 1309, 1, 01214424000),
(1143, 4, 1310, 1, 01214424000),
(1144, 4, 1311, 1, 01214424000),
(1145, 4, 1314, 1, 01214424000),
(1146, 4, 1320, 1, 01214424000),
(1147, 4, 1324, 1, 01214424000),
(1148, 4, 1331, 1, 01214424000),
(1149, 4, 1333, 1, 01214424000),
(1150, 4, 1339, 1, 01214424000),
(1151, 4, 1351, 1, 01214424000),
(1152, 4, 1353, 1, 01214424000),
(1153, 4, 1356, 1, 01214424000),
(1154, 4, 1357, 1, 01214424000),
(1155, 4, 1368, 1, 01214424000),
(1156, 4, 1373, 1, 01214424000),
(1157, 4, 1374, 1, 01214424000),
(1158, 4, 1376, 1, 01214424000),
(1159, 4, 1382, 1, 01214424000),
(1160, 4, 1384, 1, 01214424000),
(1161, 4, 1386, 1, 01214424000),
(1162, 4, 1387, 1, 01214424000),
(1163, 4, 1389, 1, 01214424000),
(1164, 4, 1393, 1, 01214424000),
(1165, 4, 1395, 1, 01214424000),
(1166, 4, 1402, 1, 01214424000),
(1167, 4, 1406, 1, 01214424000),
(1168, 4, 1410, 1, 01214424000),
(1169, 4, 1412, 1, 01214424000),
(1170, 4, 1422, 1, 01214424000),
(1171, 4, 1430, 1, 01214424000),
(1172, 4, 1431, 1, 01214424000),
(1173, 4, 1446, 1, 01214424000),
(1174, 4, 1447, 1, 01214424000),
(1175, 4, 1449, 1, 01214424000),
(1176, 4, 1451, 1, 01214424000),
(1177, 4, 1453, 1, 01214424000),
(1178, 4, 1757, 1, 01214424000),
(1179, 4, 1761, 1, 01214424000),
(1180, 4, 1762, 1, 01214424000),
(1181, 4, 1769, 1, 01214424000),
(1182, 4, 1773, 1, 01214424000),
(1183, 4, 1775, 1, 01214424000),
(1184, 4, 1776, 1, 01214424000),
(1185, 4, 1779, 1, 01214424000),
(1186, 4, 1783, 1, 01214424000),
(1187, 4, 1786, 1, 01214424000),
(1188, 4, 1788, 1, 01214424000),
(1189, 4, 1791, 1, 01214424000),
(1190, 4, 1792, 1, 01214424000),
(1191, 4, 1794, 1, 01214424000),
(1192, 4, 1795, 1, 01214424000),
(1193, 4, 1810, 1, 01214424000),
(1194, 4, 1811, 1, 01214424000),
(1195, 4, 1828, 1, 01214424000),
(1196, 4, 1837, 1, 01214424000),
(1197, 4, 1839, 1, 01214424000),
(1198, 4, 1845, 1, 01214424000),
(1199, 4, 1849, 1, 01214424000),
(1200, 4, 1877, 1, 01214424000),
(1201, 4, 1882, 1, 01214424000),
(1202, 4, 1885, 1, 01214424000),
(1203, 4, 1888, 1, 01214424000),
(1204, 4, 1892, 1, 01214424000),
(1205, 4, 1893, 1, 01214424000),
(1206, 4, 1904, 1, 01214424000),
(1207, 4, 1907, 1, 01214424000),
(1208, 4, 1908, 1, 01214424000),
(1209, 4, 1910, 1, 01214424000),
(1210, 4, 1913, 1, 01214424000),
(1211, 4, 1916, 1, 01214424000),
(1212, 4, 1918, 1, 01214424000),
(1213, 4, 1919, 1, 01214424000),
(1214, 4, 1925, 1, 01214424000),
(1215, 4, 1929, 1, 01214424000),
(1216, 4, 1930, 1, 01214424000),
(1217, 4, 1932, 1, 01214424000),
(1218, 4, 1940, 1, 01214424000),
(1219, 4, 1945, 1, 01214424000),
(1220, 4, 1950, 1, 01214424000),
(1221, 4, 1952, 1, 01214424000),
(1222, 4, 1953, 1, 01214424000),
(1223, 4, 1959, 1, 01214424000),
(1224, 4, 1960, 1, 01214424000),
(1225, 4, 1961, 1, 01214424000),
(1226, 4, 1964, 1, 01214424000),
(1227, 4, 1966, 1, 01214424000),
(1228, 4, 1968, 1, 01214424000),
(1229, 4, 1976, 1, 01214424000),
(1230, 4, 1981, 1, 01214424000),
(1231, 4, 1986, 1, 01214424000),
(1232, 4, 1996, 1, 01214424000),
(1233, 4, 1998, 1, 01214424000),
(1234, 4, 2005, 1, 01214424000),
(1235, 4, 2008, 1, 01214424000),
(1236, 4, 2013, 1, 01214424000),
(1237, 4, 2014, 1, 01214424000),
(1238, 4, 2019, 1, 01214424000),
(1239, 4, 2026, 1, 01214424000),
(1240, 4, 2029, 1, 01214424000),
(1241, 4, 2033, 1, 01214424000),
(1242, 4, 2045, 1, 01214424000),
(1243, 4, 2046, 1, 01214424000),
(1244, 4, 2067, 1, 01214424000),
(1245, 4, 2068, 1, 01214424000),
(1246, 4, 2073, 1, 01214424000),
(1247, 4, 2080, 1, 01214424000),
(1248, 4, 2082, 1, 01214424000),
(1249, 4, 2083, 1, 01214424000),
(1250, 4, 2084, 1, 01214424000),
(1251, 4, 2092, 1, 01214424000),
(1252, 4, 2095, 1, 01214424000),
(1253, 4, 2101, 1, 01214424000),
(1254, 4, 2106, 1, 01214424000),
(1255, 4, 2110, 1, 01214424000),
(1256, 4, 2112, 1, 01214424000),
(1257, 4, 2113, 1, 01214424000),
(1258, 4, 2116, 1, 01214424000),
(1259, 4, 2124, 1, 01214424000),
(1260, 4, 2139, 1, 01214424000),
(1261, 4, 2150, 1, 01214424000),
(1262, 4, 2151, 1, 01214424000),
(1263, 4, 2157, 1, 01214424000),
(1264, 4, 2159, 1, 01214424000);

-- --------------------------------------------------------

--
-- Структура таблицы `mail__templates`
--

CREATE TABLE IF NOT EXISTS `mail__templates` (
  `id` int(11) unsigned NOT NULL AUTO_INCREMENT,
  `template_key` varchar(255) NOT NULL,
  `creator_id` int(11) unsigned DEFAULT NULL,
  `changer_id` int(11) unsigned DEFAULT NULL,
  `creation_date` datetime DEFAULT NULL,
  `change_date` datetime DEFAULT NULL,
  `description` varchar(255) DEFAULT NULL,
  `content` longtext,
  PRIMARY KEY (`id`),
  UNIQUE KEY `template_key` (`template_key`),
  KEY `changer_id` (`changer_id`),
  KEY `creator_id` (`creator_id`)
) ENGINE=MyISAM  DEFAULT CHARSET=utf8 AUTO_INCREMENT=27 ;

--
-- Дамп данных таблицы `mail__templates`
--

INSERT INTO `mail__templates` (`id`, `template_key`, `creator_id`, `changer_id`, `creation_date`, `change_date`, `description`, `content`) VALUES
(1, 'USER_REGISTER', 1, 1, '2007-06-11 17:31:03', '2007-06-11 17:31:05', NULL, '{capture name="_from_"}\r\n    "МотоРобот" <motorobot@{$DOMAIN_FOR_EMAIL}>\r\n{/capture}\r\n\r\n{capture name="_subject_"}\r\n    Подтверждение_регистрации_на "Jcopy"\r\n{/capture}\r\n\r\n{capture name="_pmb_subject_"}\r\n    Сообщение {$recipient->login} от {$sender->login}\r\n{/capture}\r\n\r\n{capture name="_mail_text_part_"}\r\nПривет {$recipient->login}:\r\n\r\nКликни по данному линку для подтверждения твоей регистрации на Jcopy: {$BASE_URL}/registration/index/code/{$recipient->registerCode}/\r\n\r\nС Уважением, \r\nКоманда Jcopy.\r\n{/capture}\r\n\r\n{capture name="_mail_html_part_"}\r\nПривет {$recipient->login}:<br>\r\n<br>\r\n<br>\r\nКликни по данному линку для подтверждения твоей регистрации на Jcopy: {$BASE_URL}/registration/index/code/{$recipient->registerCode}/\r\n<br>\r\nС Уважением, <br>\r\nКоманда Jcopy.\r\n{/capture}\r\n\r\n{capture name="_pmb_part_"}\r\nПривет {$recipient->login}:\r\n\r\nКликни по данному линку для подтверждения твоей регистрации на Jcopy: {$BASE_URL}/registration/index/code/{$recipient->registerCode}/\r\n\r\nС Уважением, \r\nКоманда Jcopy.\r\n{/capture}'),
(22, 'USER_REMIND_PASS', 1, 1, '2007-05-31 12:43:38', '2007-05-31 12:43:40', NULL, '{capture name="_from_"}\r\n    {$sender->email} <{$sender->email}>\r\n{/capture}\r\n\r\n{capture name="_subject_"}\r\n    Замена_информации_для_аккаунта_{$recipient->login}\r\n{/capture}\r\n\r\n{capture name="_pmb_subject_"}\r\n     Замена информации для аккаунта {$recipient->login}\r\n{/capture}\r\n\r\n{capture name="_mail_text_part_"}\r\nПривет {$recipient->login}\r\n\r\nЭто Ваш новый пароль на сайте Jcopy\r\n\r\nДля входа используйте:\r\n\r\nлогин: {$recipient->login}\r\n\r\nпароль: {$password}\r\n\r\nПосле авторизации Вы можете поменять свой пароль на странице редактирования профиля: {$recipient->getUserPath(''edit'')}\r\n\r\nС Уважением,\r\nКоманда Jcopy.\r\n{/capture}\r\n\r\n{capture name="_mail_html_part_"}\r\nПривет {$recipient->login}<br>\r\n<br>\r\nЭто Ваш новый пароль на сайте Jcopy<br>\r\n<br>\r\nДля входа используйте:<br>\r\n<br>\r\nлогин: {$recipient->login}<br>\r\n<br>\r\nпароль: {$password}<br>\r\n<br>\r\nПосле авторизации Вы можете поменять свой пароль на странице редактирования профиля: {$recipient->getUserPath(''edit'')}<br>\r\n<br>\r\nС Уважением,<br>\r\nКоманда Jcopy.{/capture}<br>\r\n{capture name="_pmb_part_"}\r\nПривет {$recipient->login}\r\n\r\nЭто Ваш новый пароль на сайте Jcopy\r\n\r\nДля входа используйте:\r\n\r\nлогин: {$recipient->login}\r\n\r\nпароль: {$password}\r\n\r\nПосле авторизации Вы можете поменять свой пароль на странице редактирования профиля: {$recipient->getUserPath(''edit'')}\r\n\r\nС Уважением,\r\nКоманда Jcopy.\r\n{/capture}'),
(25, 'USER_INVITE', 1, 1, '2008-04-16 00:22:09', '2008-04-23 00:22:19', 'invite to first users', '{capture name="_from_"}\r\n    "МотоРобот" <motorobot@jcopy.ru>\r\n{/capture}\r\n\r\n{capture name="_subject_"}\r\n   jcopy.ru - открыт\r\n{/capture}\r\n\r\n{capture name="_mail_text_part_" }\r\nПривет, {$recipient->nikname}!\r\n\r\nПо многочисленным просьбам мы открываемся раньше запланированного.\r\nВпереди вас ждет масса интересных изменений.\r\nА сейчас прочитайте, пожалуйста, все что ниже.\r\nЕсли заметите ошибки на сайте, просим сообщать об этом по адресу support@jcopy.ru\r\n\r\n*****************************************************************\r\n\r\n   Для активации своего аккаунта,\r\n   пройдите по ссылке http://jcopy.ru/{$recipient->registerCode}\r\n\r\n     Логин:  {$recipient->login}\r\n     Пароль: {$recipient->pass}\r\n\r\n*****************************************************************\r\n\r\nСОЗДАВАЙ ВСТРЕЧИ!\r\nСезон мото-встреч на носу!\r\nНикогда еще не было такого простого способа создания встреч! Организуй встречу или поездку за город на мотоциклах, указав место на карте и назначив дату сбора. Нет ничего лучше, чем встретиться с друзьями-единомышленниками и пообщаться на общую для всех тему.\r\nДаже если вы новичок и никого не знаете, не расстраивайтесь – создайте встречу и к вам присоединяться десятки единомышленников.\r\n\r\nСПЕЦИАЛИЗИРОВАННАЯ ДОСКА ОБЪЯВЛЕНИЙ\r\nКроме того, мы создали для вас первую специлизированную доску объявлений по продаже мототехники, экипировки, запчастей и аксессуаров. Алгоритмы настроены таким образом, что покупатель объявится в максимально короткие сроки.\r\n\r\nА ТАК ЖЕ\r\n– вы будете максимально информированы о том что творится в мире мото, и сами сможете публиковать интересную информацию, которые увидят все\r\n– мотоцикл - это свобода! Также и у нас - в вашем распоряжении удобный фотоальбом с неограниченным местом под фотографии\r\n– приятная аудитория для общения\r\n– и многое другое... а что именно, вы узнаете скоро ;)\r\n\r\nhttp://jcopy.ru – сайт мото-друзей\r\n(с) 2008\r\n{/capture}\r\n\r\n\r\n\r\n{capture name="_mail_html_part_" }\r\n<html>\r\n<head>\r\n<meta http-equiv="Content-Type" content="text/html; charset=koi8-r" />\r\n</head>\r\n<body leftmargin="0" marginwidth="0" topmargin="0" marginheight="0" offset="0" bgcolor=''#000000''>\r\n{literal}\r\n<STYLE>\r\n .headerTop { background-color:#66CC00; border-top:0px solid #000000; border-bottom:0px solid #FFCC66; text-align:right; }\r\n .adminText { font-size:10px; color:#FFFFCC; line-height:200%; font-family:verdana; text-decoration:none; }\r\n .headerBar { background-color:#FFFFFF; border-top:0px solid #FFFFFF; border-bottom:0px solid #333333; }\r\n .title { font-size:22px; font-weight:bold; color:#336600; font-family:arial; line-height:110%; }\r\n .subTitle { font-size:11px; font-weight:normal; color:#666666; font-style:italic; font-family:arial; }\r\n td { font-size:14px; color:#000000; line-height:150%; font-family:trebuchet ms; }\r\n .footerRow { background-color:#FFFFCC; border-top:10px solid #FFFFFF; }\r\n .footerText { font-size:10px; color:#333333; line-height:100%; font-family:verdana; }\r\n a { color:#FF0000; color:#FF6600; color:#FF6600; }\r\n h1 { line-height:100%; }\r\n</STYLE>\r\n{/literal}\r\n\r\n<table width="100%" cellpadding="10" cellspacing="0" class="backgroundTable" bgcolor=''#000000'' >\r\n<tr>\r\n<td valign="top" align="center">\r\n<table width="800" cellpadding="0" cellspacing="0">\r\n<tr>\r\n<td style="background-color:#000000;border-top:0px solid #FFFFFF;border-bottom:0px solid #333333;"><center><img src="head_img.jpg" width="600" height="228" border="0" alt="Мото-друг, давай к нам!"></center></td>\r\n</tr>\r\n</table>\r\n\r\n<table width="600" cellpadding="20" cellspacing="0" bgcolor="#000000">\r\n<tr>\r\n<td bgcolor="#000000" valign="top" style="font-size:14px;color:#000000;line-height:150%;font-family:trebuchet ms;">\r\n\r\n<p>\r\n<h1><font color="#FFFFFF" face="Arial">Привет, {$recipient->nikname}!</font></h1>\r\n\r\n<font color="#FFFFFF" face="Arial">\r\nПо многочисленным просьбам мы открываемся раньше запланированного. Впереди вас ждет масса интересных изменений. А сейчас прочитайте, пожалуйста, все что ниже. Если заметите ошибки на сайте, просим сообщать об этом по адресу <a href="mailto:support@jcopy.ru">support@jcopy.ru</a>\r\n</font>\r\n</p>\r\n\r\n<center>\r\n<table width="100%" border="1" cellpadding="10" bordercolor="#FF9900" bgcolor="#FFFF99">\r\n<tr>\r\n<td><b><font color="#000000" face="Arial">Для активации своего аккаунта, пройдите <u><a href="http://jcopy.ru/registration/index/code/{$recipient->registerCode}/" target="_blank">СЮДА</a></u></b>\r\n<br/><br/>\r\nЛогин: <b>{$recipient->login}</b>\r\n<br/>\r\nПароль: <b>{$recipient->pass}</b>\r\n</font>\r\n<br />\r\n\r\n</td>\r\n</tr>\r\n</table>\r\n</center>\r\n\r\n<br><br>\r\n<center>\r\n<img src="hr.gif" width="502" height="1">\r\n</center>\r\n<p>\r\n<h1><font color="red" face="Arial">Создавай встречи!</font></h1>\r\n<font color="#FFFFFF" face="Arial">\r\nСезон мото-встреч на носу!<br>Никогда еще не было такого простого способа создания встреч! <a href="http://jcopy.ru/meetings/">Организуй встречу</a> или поездку за город на мотоциклах, указав место на карте и назначив дату сбора. Нет ничего лучше, чем встретиться с друзьями-единомышленниками и пообщаться на общую для всех тему.<br />\r\nДаже если вы новичок и никого не знаете, не расстраивайтесь – создайте встречу и к вам присоединяться десятки единомышленников.\r\n</font>\r\n<br>\r\n<div style="width:100%">\r\n<h1><font color="red" face="Arial">Специализированная доска объявлений</font></h1>\r\n</div>\r\n\r\n<font color="#FFFFFF" face="Arial">\r\nКроме того, мы создали для вас <a href="http://jcopy.ru/board/">первую специлизированную доску объявлений</a> по продаже мототехники, экипировки, запчастей и аксессуаров. Алгоритмы настроены таким образом, что покупатель объявится в максимально короткие сроки.\r\n</font>\r\n\r\n<br>\r\n<h1><font color="red" face="Arial">А так же</font></h1>\r\n\r\n<font color="#FFFFFF" face="Arial">\r\n<ul>\r\n<li>вы будете максимально информированы о том что творится в мире мото, и сами сможете публиковать интересную информацию, которые увидят все</li>\r\n<li>мотоцикл - это свобода! Также и у нас - в вашем распоряжении удобный фотоальбом с <b>неограниченным местом</b> под фотографии</li>\r\n<li>приятная аудитория для общения</li>\r\n<li>и многое другое... а что именно, вы узнаете скоро ;)</li>\r\n</ul>\r\n</font>\r\n</p>\r\n\r\n<center>\r\n<a href="http://jcopy.ru/registration/index/code/{$recipient->registerCode}/"><img src="enter.gif" border="0" weight="214" height="49"></a><br><br>\r\n<img src="hr.gif" width="502" height="1">\r\n</center>\r\n</td>\r\n</tr>\r\n\r\n\r\n<tr>\r\n<td style="background-color:#000000;border-top:10px solid #000000;" valign="top">\r\n<span style="font-size:10px;line-height:100%;font-family:verdana;"><font color="#333333" face="Arial">\r\n<center>\r\nМы строго соблюдаем политику конфиденциальности. Данные, которые Вы предоставили никогда не будут переданы третьим лицам и использованы для рассылки рекламы.\r\n<br>\r\nПо всем вопросам обращаться по адресу <a href="mailto:support@jcopy.ru">support@jcopy.ru</a>\r\n<br><br>\r\n<a href="http://jcopy.ru/"><img src="jcopy_logo_small.gif" border="0" width="100" height="53"></a><br><br>\r\n<small>&copy; 2008</small>\r\n</center>\r\n</font>\r\n</span>\r\n</td>\r\n</tr>\r\n</table>\r\n</td>\r\n</tr>\r\n</table>\r\n</body>\r\n</html>\r\n{/capture}'),
(26, 'UpdateSomeFeatures', 1, 1, '2008-06-26 11:25:35', '2008-06-26 11:25:35', 'Сообщение об обновлении функционала', '{capture name="_from_"}\r\n    "МотоРобот" <motorobot@jcopy.ru>\r\n{/capture}\r\n\r\n{capture name="_subject_"}\r\n   Новые_возможности_на\r\n{/capture}\r\n\r\n{capture name="_mail_text_part_" }\r\nПривет, {$recipient->nikname}!\r\n\r\nСообщаем вам, что jcopy стал еще лучше. Мы учли некоторые пожелания и добавили новые функции.\r\n\r\nГОЛОСОВАНИЕ ЗА КОММЕНТАРИИ\r\nМы ввели систему оценки комментариев. Теперь за понравившиеся комментарии и те, с которыми вы согласны можно проголосовать и поднять их рейтинг.\r\nДелайте это легким движением мышки в сторону двух цветных кнопок и кликом по зеленой, либо красной.\r\n\r\nКАРТА МОТО-МИРА\r\nНас много и все мы живем в разных странах. Загрузите <a href="http://jcopy.ru/map/">мото-карту</a> и посмотрите где расположились пользователи ресурса <a href="http://jcopy.ru/map/">www.jcopy.ru</a>\r\nВыбирая опции фильтрации вы сможете переключиться от отображения пользователей* к отображению встреч мотоциклистов.\r\n\r\n************************** ВАЖНО! **************************\r\nМы рекомендуем отредактировать на странице настроек свое месторасположение – тогда работа МОТО-КАРТЫ будет наиболее эффективна.\r\n************************** ВАЖНО! **************************\r\n\r\nВсе предложения и пожелания принимаются по адресу http://jcopy.ru/feedback/\r\n\r\n*пользователи выводятся в случайном порядке по 200 человек за раз.\r\n\r\n\r\n\r\n(с) 2008\r\n{/capture}\r\n\r\n\r\n\r\n{capture name="_mail_html_part_" }\r\n<html>\r\n<head>\r\n<meta http-equiv="Content-Type" content="text/html; charset=koi8-r" />\r\n</head>\r\n<body leftmargin="0" marginwidth="0" topmargin="0" marginheight="0" offset="0" bgcolor=''#000000''>\r\n{literal}\r\n<STYLE>\r\n .headerTop { background-color:#66CC00; border-top:0px solid #000000; border-bottom:0px solid #FFCC66; text-align:right; }\r\n .adminText { font-size:10px; color:#FFFFCC; line-height:200%; font-family:verdana; text-decoration:none; }\r\n .headerBar { background-color:#FFFFFF; border-top:0px solid #FFFFFF; border-bottom:0px solid #333333; }\r\n .title { font-size:22px; font-weight:bold; color:#336600; font-family:arial; line-height:110%; }\r\n .subTitle { font-size:11px; font-weight:normal; color:#666666; font-style:italic; font-family:arial; }\r\n td { font-size:14px; color:#000000; line-height:150%; font-family:trebuchet ms; }\r\n .footerRow { background-color:#FFFFCC; border-top:10px solid #FFFFFF; }\r\n .footerText { font-size:10px; color:#333333; line-height:100%; font-family:verdana; }\r\n a { color:#FF0000; color:#FF6600; color:#FF6600; }\r\n h1 { line-height:100%; }\r\n</STYLE>\r\n{/literal}\r\n\r\n<table width="100%" cellpadding="10" cellspacing="0" class="backgroundTable" bgcolor=''#000000'' >\r\n<tr>\r\n<td valign="top" align="center">\r\n\r\n<table width="800" cellpadding="0" cellspacing="0">\r\n<tr>\r\n<td style="background-color:#000000;border-top:0px solid #FFFFFF;border-bottom:0px solid #333333;">\r\n\r\n<center>\r\n<table width="600" border="0">\r\n  <tr>\r\n    <td>\r\n<span style="font-size:11px;line-height:100%;font-family:verdana;"><font color="#333333" face="Arial">\r\n<center>\r\nЕсли вы не видите картинки в письме, нажмите в вашей почтовой программе <b>загрузить/показать изображения</b> или кликом правой кнопкой на области ниже этого текста.\r\n</center></span>\r\n</td>\r\n</tr>\r\n</table>\r\n</center>\r\n<br>\r\n\r\n<center><img src="http://jcopy.ru/upload/mail_photos/26/head_img.jpg" width="600" height="228" border="0" alt="НОВЫЕ ВОЗМОЖНОСТИ НА www.jcopy.ru"></center></td>\r\n</tr>\r\n</table>\r\n\r\n<table width="600" cellpadding="20" cellspacing="0" bgcolor="#000000">\r\n<tr>\r\n<td bgcolor="#000000" valign="top" style="font-size:14px;color:#000000;line-height:150%;font-family:trebuchet ms;">\r\n\r\n<p>\r\n<h1><font color="#FFFFFF" face="Arial">Привет, {$recipient->nikname}!</font></h1>\r\n\r\n<font color="#FFFFFF" face="Arial">\r\nСообщаем вам, что <a href="http://jcopy.ru/">jcopy</a> стал еще лучше. Мы учли некоторые пожелания и добавили новые функции.\r\n</font>\r\n</p>\r\n\r\n\r\n\r\n<br><br>\r\n<center>\r\n<img src="http://jcopy.ru/upload/mail_photos/26/hr.gif" width="502" height="1">\r\n</center>\r\n<p>\r\n<h1><font color="red" face="Arial">ГОЛОСОВАНИЕ ЗА КОММЕНТАРИИ</font></h1>\r\n<font color="#FFFFFF" face="Arial">\r\nМы ввели систему оценки комментариев. Теперь за понравившиеся комментарии и те, с которыми вы согласны можно проголосовать и поднять их рейтинг.<br>\r\nДелайте это легким движением мышки в сторону двух цветных кнопок и кликом по зеленой, либо красной.\r\n</font><br><br>\r\n<center><img src="http://jcopy.ru/upload/mail_photos/26/comment.jpg" title="Новые комментарии" width="600" height="90"></center>\r\n<br><br>\r\n<div style="width:100%">\r\n<h1><font color="red" face="Arial">КАРТА МОТО-МИРА</font></h1>\r\n</div>\r\n\r\n<font color="#FFFFFF" face="Arial">\r\nНас много и все мы живем в разных странах. Загрузите <a href="http://jcopy.ru/map/">мото-карту</a> и посмотрите где расположились пользователи ресурса <a href="http://jcopy.ru/map/">www.jcopy.ru</a><br>\r\nВыбирая опции фильтрации вы сможете переключиться от отображения пользователей* к отображению встреч мотоциклистов.\r\n</font>\r\n<br>\r\n<br>\r\n<center><img src="http://jcopy.ru/upload/mail_photos/26/map.jpg" title="МОТО-КАРТА" width="600" height="319"></center>\r\n<br><br>\r\n</p>\r\n\r\n<center>\r\n<table width="100%" border="1" cellpadding="10" bordercolor="#9c3c25" bgcolor="#990000">\r\n<tr>\r\n<td><b><font color="#FFFFFF" face="Arial">\r\nМы рекомендуем отредактировать на странице настроек свое месторасположение, тогда работа c МОТО-КАРТОЙ будет наиболее эффективной.\r\n</font>\r\n<br />\r\n</td>\r\n</tr>\r\n</table>\r\n</center>\r\n\r\n<br>\r\n<p>\r\n<h1><font color="red" face="Arial">ВСТРЕЧА С ПЕРВОГО ВЗГЛЯДА</font></h1>\r\n<font color="#FFFFFF" face="Arial">\r\nНапоминаем, что на сайте регулярно создаются <a href="http://jcopy.ru/meetings/">встречи мотоциклистов</a> из разных стран и предлагаем вам не пропускать эти события. Лето не резиновое, а в компании единомышленников время пройдет не зря.<br>\r\nНовички, <a href="http://jcopy.ru/meetings/">присоединяйтесь</a>!\r\n</font><br><br>\r\n<center><img src="http://jcopy.ru/upload/mail_photos/26/meeting.jpg" title="Встречи мотоциклистов" width="600" height="295"></center></p><br><br>\r\n\r\n<font color="#FFFFFF" face="Arial"><br>\r\nВсе предложения и пожелания вы можете отправить через <a href="http://jcopy.ru/feedback/">специальную форму</a><br>\r\n*пользователи выводятся в случайном порядке по 100 человек за раз.<br>\r\n</font>\r\n<center>\r\n<a href="http://jcopy.ru/"><img src="http://jcopy.ru/upload/mail_photos/26/enter.gif" border="0" weight="214" height="49"></a><br><br>\r\n<img src="http://jcopy.ru/upload/mail_photos/26/hr.gif" width="502" height="1">\r\n</center>\r\n</td>\r\n</tr>\r\n\r\n\r\n<tr>\r\n<td style="background-color:#000000;border-top:10px solid #000000;" valign="top">\r\n<span style="font-size:10px;line-height:100%;font-family:verdana;"><font color="#333333" face="Arial">\r\n<center>\r\nМы строго соблюдаем политику конфиденциальности. Данные, которые Вы предоставили никогда не будут переданы третьим лицам и использованы для рассылки рекламы.\r\n<br>\r\nПо всем вопросам обращаться по адресу <a href="mailto:support@jcopy.ru">support@jcopy.ru</a>\r\n<br><br>\r\n<a href="http://jcopy.ru/"><img src="http://jcopy.ru/upload/mail_photos/26/jcopy_logo_small.gif" border="0" width="100" height="53"></a><br><br>\r\n<small>&copy; 2008</small>\r\n</center>\r\n</font>\r\n</span>\r\n</td>\r\n</tr>\r\n</table>\r\n</td>\r\n</tr>\r\n</table>\r\n</body>\r\n</html>\r\n{/capture}');

-- --------------------------------------------------------

--
-- Структура таблицы `partner__catalog`
--

CREATE TABLE IF NOT EXISTS `partner__catalog` (
  `id` int(11) NOT NULL AUTO_INCREMENT,
  `name` varchar(255) DEFAULT NULL,
  `country_id` int(11) DEFAULT NULL,
  `city_id` int(11) DEFAULT NULL,
  `longitude` varchar(255) DEFAULT NULL,
  `latitude` varchar(255) DEFAULT NULL,
  `site_url` varchar(255) DEFAULT NULL,
  `password_key` varchar(255) DEFAULT NULL,
  `description` text,
  `unique` int(11) unsigned NOT NULL DEFAULT '0',
  `price` float NOT NULL DEFAULT '0',
  `penalty` float NOT NULL DEFAULT '0',
  `information` text,
  `min_day` int(11) NOT NULL DEFAULT '0',
  `short_number` varchar(255) DEFAULT NULL,
  `custom_id` int(11) DEFAULT NULL,
  `update_time` datetime DEFAULT NULL,
  PRIMARY KEY (`id`)
) ENGINE=MyISAM  DEFAULT CHARSET=cp1251 AVG_ROW_LENGTH=64 AUTO_INCREMENT=22 ;

--
-- Дамп данных таблицы `partner__catalog`
--

INSERT INTO `partner__catalog` (`id`, `name`, `country_id`, `city_id`, `longitude`, `latitude`, `site_url`, `password_key`, `description`, `unique`, `price`, `penalty`, `information`, `min_day`, `short_number`, `custom_id`, `update_time`) VALUES
(1, 'Шарашкина кантора', 1, 1, '53.123123', '23.232323', 'http://slauta.com', 'HJFjhV32htF2WE', '1', 1000, 10.01, 0.01, '1', 2, '1', 1, '2012-02-09 16:53:24'),
(2, 'БелСтат', 1, 1, '53.123123', '23.232323', 'http://slauta.com', 'HJFjhV32htF2WE', '1', 10000, 10.01, 0.01, '1', 2, '1', 1, '2012-02-10 11:12:29'),
(4, 'ABW', 1, 0, '123', '123', '123', '123', '123', 123, 123, 123, '123', 123, '123', 123, '2012-02-11 20:56:14');

-- --------------------------------------------------------

--
-- Структура таблицы `photos`
--

CREATE TABLE IF NOT EXISTS `photos` (
  `id` int(11) unsigned NOT NULL AUTO_INCREMENT,
  `photos_user_id` int(11) NOT NULL,
  `photos_album_id` int(11) DEFAULT NULL,
  `comment_id` int(11) DEFAULT NULL,
  `num_comments` mediumint(9) DEFAULT '0',
  `photos_width` smallint(6) NOT NULL,
  `photos_height` smallint(6) NOT NULL,
  `photos_title` varchar(90) NOT NULL,
  `photos_description` varchar(120) DEFAULT NULL,
  `photos_alt` varchar(25) DEFAULT NULL,
  `photos_registration_date` timestamp NOT NULL DEFAULT CURRENT_TIMESTAMP ON UPDATE CURRENT_TIMESTAMP,
  `photos_picture_date` timestamp NOT NULL DEFAULT '0000-00-00 00:00:00',
  `photos_order` tinyint(4) DEFAULT NULL,
  `photos_public` tinyint(4) DEFAULT '1',
  `photos_is_ok` tinyint(4) DEFAULT '1',
  PRIMARY KEY (`id`)
) ENGINE=MyISAM  DEFAULT CHARSET=utf8 AUTO_INCREMENT=619 ;

--
-- Дамп данных таблицы `photos`
--

INSERT INTO `photos` (`id`, `photos_user_id`, `photos_album_id`, `comment_id`, `num_comments`, `photos_width`, `photos_height`, `photos_title`, `photos_description`, `photos_alt`, `photos_registration_date`, `photos_picture_date`, `photos_order`, `photos_public`, `photos_is_ok`) VALUES
(1, 1, 1, 2, 5, 500, 375, 'Выйди из кадра', NULL, NULL, '2008-04-06 17:01:40', '2008-03-04 13:39:43', NULL, 1, 0),
(2, 1, 1, 3, 3, 500, 710, 'Тимошенко, одень шлем!', NULL, NULL, '2008-04-05 13:26:42', '2008-03-04 13:39:45', NULL, 1, 0),
(3, 1, 1, 4, 2, 500, 334, 'Тимошенко на Suzuki Hayabusa 1300', NULL, NULL, '2008-04-07 02:50:26', '2008-03-04 13:39:48', NULL, 1, 0),
(4, 1, 1, 5, 0, 500, 597, 'Тимошенко – железная леди', NULL, NULL, '2008-03-04 13:40:22', '2008-03-04 13:39:49', NULL, 1, 0),
(15, 1344, 3, 18, 0, 3072, 2304, 'Вилли', NULL, NULL, '2008-04-05 01:50:29', '2008-04-05 01:24:41', NULL, 1, 0),
(16, 1344, 3, 19, 3, 3072, 2304, 'Реслинг', NULL, NULL, '2008-05-07 15:53:23', '2008-04-05 01:25:43', NULL, 1, 0),
(17, 1344, 3, 20, 0, 3072, 2304, 'Девушка с питардой', NULL, NULL, '2008-04-05 01:29:40', '2008-04-05 01:29:38', NULL, 1, 0),
(18, 1344, 3, 21, 2, 3072, 2304, 'Красиво', NULL, NULL, '2008-04-05 14:33:25', '2008-04-05 01:29:47', NULL, 1, 0),
(19, 1344, 3, 22, 0, 3072, 2304, 'Детка в клетке', NULL, NULL, '2008-04-05 01:35:25', '2008-04-05 01:35:25', NULL, 1, 0),
(20, 1344, 3, 23, 0, 3072, 2304, 'Мотокроссер', NULL, NULL, '2008-04-05 01:41:50', '2008-04-05 01:41:48', NULL, 1, 0),
(21, 1344, 3, 24, 0, 3072, 2304, 'Ринг', NULL, NULL, '2008-04-05 01:42:57', '2008-04-05 01:42:56', NULL, 1, 0),
(22, 1, 1, 25, 0, 680, 420, 'GS', NULL, NULL, '2008-04-05 01:45:16', '2008-04-05 01:45:15', NULL, 1, 0),
(23, 1344, 3, 26, 0, 800, 533, 'Трюк', NULL, NULL, '2008-04-05 01:48:47', '2008-04-05 01:48:47', NULL, 1, 0),
(24, 1344, 3, 27, 0, 800, 533, 'До сих пор чувствую запах резины', NULL, NULL, '2008-04-05 01:48:50', '2008-04-05 01:48:48', NULL, 1, 0),
(26, 538, 5, 30, 0, 750, 500, '_MG_0142', NULL, NULL, '2008-04-05 13:36:03', '2008-04-05 13:36:03', NULL, 1, 0),
(27, 538, 5, 31, 0, 750, 500, '_MG_2058', NULL, NULL, '2008-04-05 13:36:03', '2008-04-05 13:36:03', NULL, 1, 0),
(28, 538, 5, 32, 0, 333, 500, '_MG_2073', NULL, NULL, '2008-04-05 13:36:04', '2008-04-05 13:36:04', NULL, 1, 0),
(29, 538, 5, 33, 0, 800, 600, '100_1358', NULL, NULL, '2008-04-05 13:36:04', '2008-04-05 13:36:04', NULL, 1, 0),
(30, 538, 5, 34, 0, 800, 600, 'boz01', NULL, NULL, '2008-04-05 13:36:05', '2008-04-05 13:36:05', NULL, 1, 0),
(31, 538, 5, 35, 0, 800, 600, 'boz05', NULL, NULL, '2008-04-05 13:36:53', '2008-04-05 13:36:53', NULL, 1, 0),
(32, 538, 5, 36, 0, 800, 600, 'boz12', NULL, NULL, '2008-04-05 13:36:56', '2008-04-05 13:36:54', NULL, 1, 0),
(33, 538, 5, 37, 0, 800, 600, 'boz22', NULL, NULL, '2008-04-05 13:36:57', '2008-04-05 13:36:57', NULL, 1, 0),
(34, 538, 5, 38, 0, 720, 540, 'CIMG0333', NULL, NULL, '2008-04-05 13:36:57', '2008-04-05 13:36:57', NULL, 1, 0),
(35, 538, 5, 39, 0, 720, 540, 'CIMG0335', NULL, NULL, '2008-04-05 13:36:58', '2008-04-05 13:36:58', NULL, 1, 0),
(37, 538, 5, 41, 0, 720, 540, 'CIMG0338', NULL, NULL, '2008-04-05 13:37:50', '2008-04-05 13:37:49', NULL, 1, 0),
(38, 538, 5, 42, 0, 800, 600, 'DSC00067', NULL, NULL, '2008-04-05 13:37:50', '2008-04-05 13:37:50', NULL, 1, 0),
(39, 538, 5, 43, 0, 720, 540, 'DSC00079', NULL, NULL, '2008-04-05 13:37:51', '2008-04-05 13:37:51', NULL, 1, 0),
(40, 538, 5, 44, 0, 720, 540, 'DSC00088', NULL, NULL, '2008-04-05 13:37:51', '2008-04-05 13:37:51', NULL, 1, 0),
(41, 538, 5, 45, 0, 720, 540, 'DSC00098', NULL, NULL, '2008-04-05 13:37:52', '2008-04-05 13:37:52', NULL, 1, 0),
(42, 538, 5, 46, 0, 720, 540, 'DSC00100', NULL, NULL, '2008-04-05 13:38:37', '2008-04-05 13:38:37', NULL, 1, 0),
(43, 538, 5, 47, 0, 720, 540, 'DSC00106', NULL, NULL, '2008-04-05 13:38:37', '2008-04-05 13:38:37', NULL, 1, 0),
(44, 538, 5, 48, 0, 800, 600, 'DSC00137', NULL, NULL, '2008-04-05 13:38:38', '2008-04-05 13:38:38', NULL, 1, 0),
(45, 538, 5, 49, 0, 800, 600, 'DSC00151', NULL, NULL, '2008-04-05 13:38:42', '2008-04-05 13:38:39', NULL, 1, 0),
(46, 538, 5, 50, 0, 800, 600, 'DSC00152', NULL, NULL, '2008-04-05 13:38:42', '2008-04-05 13:38:42', NULL, 1, 0),
(47, 538, 5, 51, 0, 640, 480, 'DSC00153', NULL, NULL, '2008-04-05 13:39:15', '2008-04-05 13:39:15', NULL, 1, 0),
(48, 538, 5, 52, 2, 800, 600, 'DSC00241', NULL, NULL, '2008-04-06 10:28:02', '2008-04-05 13:39:15', NULL, 1, 0),
(49, 538, 5, 53, 0, 667, 500, 'DSC00564', NULL, NULL, '2008-04-05 13:39:16', '2008-04-05 13:39:16', NULL, 1, 0),
(50, 538, 5, 54, 0, 720, 480, 'DSC00982web', NULL, NULL, '2008-04-05 13:39:17', '2008-04-05 13:39:17', NULL, 1, 0),
(51, 538, 5, 55, 0, 720, 540, 'DSC01425', NULL, NULL, '2008-04-05 13:39:17', '2008-04-05 13:39:17', NULL, 1, 0),
(52, 538, 5, 56, 0, 720, 540, 'DSC01426', NULL, NULL, '2008-04-05 13:39:56', '2008-04-05 13:39:55', NULL, 1, 0),
(53, 538, 5, 57, 0, 720, 540, 'DSC01572', NULL, NULL, '2008-04-05 13:39:56', '2008-04-05 13:39:56', NULL, 1, 0),
(54, 538, 5, 58, 0, 720, 540, 'DSC01578', NULL, NULL, '2008-04-05 13:39:57', '2008-04-05 13:39:57', NULL, 1, 0),
(55, 538, 5, 59, 0, 900, 675, 'mybusa01', NULL, NULL, '2008-04-05 13:39:57', '2008-04-05 13:39:57', NULL, 1, 0),
(56, 538, 5, 60, 0, 900, 675, 'mybusa02', NULL, NULL, '2008-04-05 13:39:58', '2008-04-05 13:39:58', NULL, 1, 0),
(57, 538, 5, 61, 4, 900, 675, 'mybusa03', NULL, NULL, '2008-04-05 17:13:02', '2008-04-05 13:40:50', NULL, 1, 0),
(58, 538, 5, 62, 1, 900, 675, 'mybusa04', NULL, NULL, '2008-04-05 13:50:49', '2008-04-05 13:40:51', NULL, 1, 0),
(59, 538, 5, 63, 0, 900, 602, 'mybusa05', NULL, NULL, '2008-04-05 13:40:52', '2008-04-05 13:40:52', NULL, 1, 0),
(60, 538, 5, 64, 0, 900, 602, 'mybusa06', NULL, NULL, '2008-04-05 13:40:54', '2008-04-05 13:40:53', NULL, 1, 0),
(61, 538, 5, 65, 4, 800, 419, '2ofUs', NULL, NULL, '2008-04-06 10:39:10', '2008-04-05 13:40:54', NULL, 1, 0),
(62, 1344, 6, 72, 0, 2272, 1704, 'Чей-то чоп-чоп', NULL, NULL, '2008-04-05 14:25:48', '2008-04-05 14:25:48', NULL, 1, 0),
(63, 1344, 6, 73, 1, 2272, 1704, 'Гусеничный KTM', NULL, NULL, '2008-04-05 16:42:50', '2008-04-05 14:27:23', NULL, 1, 0),
(64, 1344, 6, 74, 0, 1704, 2272, '5-е колесо и 5-я точка', NULL, NULL, '2008-04-05 14:27:27', '2008-04-05 14:27:26', NULL, 1, 0),
(65, 1344, 6, 75, 6, 2272, 1704, 'PICT0118', NULL, NULL, '2008-04-06 14:13:36', '2008-04-05 14:28:28', NULL, 1, 0),
(67, 1344, 6, 81, 3, 2272, 1704, 'Просто загляденье', NULL, NULL, '2008-05-07 15:52:17', '2008-04-05 14:43:26', NULL, 1, 0),
(70, 266, 9, 92, 2, 2288, 1712, 'Меня зовут Птица', NULL, NULL, '2008-04-06 22:38:44', '2008-04-05 18:11:47', NULL, 1, 0),
(71, 266, 9, 93, 0, 2288, 1712, 'А ее зовут Ведьма', NULL, NULL, '2008-04-05 18:11:51', '2008-04-05 18:11:50', NULL, 1, 0),
(72, 1344, 6, 96, 3, 2272, 1704, 'PICT0132', NULL, NULL, '2008-04-06 22:42:43', '2008-04-05 20:01:17', NULL, 1, 0),
(73, 616, NULL, 98, 0, 640, 480, 'ерто', NULL, NULL, '2008-04-05 21:04:30', '2008-04-05 21:04:28', NULL, NULL, 0),
(74, 514, NULL, 100, 0, 1540, 1341, '7', NULL, NULL, '2008-04-06 10:29:20', '2008-04-06 10:29:20', NULL, NULL, 0),
(75, 514, NULL, 102, 0, 1540, 1341, 'я=)', NULL, NULL, '2008-04-06 10:31:22', '2008-04-06 10:31:21', NULL, NULL, 0),
(76, 1344, 6, 106, 0, 2272, 1704, 'Трайк', NULL, NULL, '2008-04-06 15:40:21', '2008-04-06 15:40:20', NULL, 1, 0),
(77, 1344, 6, 107, 0, 2272, 1704, 'Ракета', NULL, NULL, '2008-04-06 15:40:27', '2008-04-06 15:40:26', NULL, 1, 0),
(78, 1344, 6, 108, 0, 2272, 1704, 'Кастом-гитар', NULL, NULL, '2008-04-06 15:44:32', '2008-04-06 15:44:31', NULL, 1, 0),
(79, 1344, 6, 109, 0, 2272, 1704, 'PICT0129', NULL, NULL, '2008-04-06 15:44:35', '2008-04-06 15:44:35', NULL, 1, 0),
(80, 1344, 6, 110, 0, 2272, 1704, 'Трайк жук', NULL, NULL, '2008-04-06 15:47:11', '2008-04-06 15:47:09', NULL, 1, 0),
(81, 1344, 6, 111, 0, 2272, 1704, 'PICT0146', NULL, NULL, '2008-04-06 15:47:15', '2008-04-06 15:47:14', NULL, 1, 0),
(82, 1344, 6, 112, 0, 2272, 1704, 'Ducati', NULL, NULL, '2008-04-06 15:47:18', '2008-04-06 15:47:18', NULL, 1, 0),
(83, 1344, 6, 113, 2, 2272, 1704, 'Голые скутеристки :)', NULL, NULL, '2008-04-06 22:40:49', '2008-04-06 15:47:21', NULL, 1, 0),
(84, 1346, 13, 115, 1, 2272, 1704, 'PICT0097', NULL, NULL, '2008-05-01 21:30:27', '2008-04-06 15:52:43', NULL, 1, 0),
(85, 991, 14, 119, 0, 1224, 1632, '1', NULL, NULL, '2008-04-06 17:13:08', '2008-04-06 17:13:08', NULL, 1, 0),
(86, 991, 14, 120, 0, 1632, 1224, '2', NULL, NULL, '2008-04-06 17:13:10', '2008-04-06 17:13:10', NULL, 1, 0),
(87, 991, 14, 121, 2, 1632, 1224, '3', NULL, NULL, '2008-04-06 17:38:52', '2008-04-06 17:13:12', NULL, 1, 0),
(88, 991, 14, 122, 0, 1632, 1224, '4', NULL, NULL, '2008-04-06 17:13:20', '2008-04-06 17:13:15', NULL, 1, 0),
(89, 991, 14, 123, 0, 1632, 1224, '5', NULL, NULL, '2008-04-06 17:13:23', '2008-04-06 17:13:22', NULL, 1, 0),
(90, 991, 14, 124, 0, 1632, 1224, 'DSC01383', NULL, NULL, '2008-04-06 17:25:05', '2008-04-06 17:25:04', NULL, 1, 0),
(91, 991, 14, 125, 0, 1632, 1224, 'DSC01551', NULL, NULL, '2008-04-06 17:25:08', '2008-04-06 17:25:07', NULL, 1, 0),
(92, 991, 14, 126, 0, 1224, 1632, 'DSC01365', NULL, NULL, '2008-04-06 17:25:12', '2008-04-06 17:25:10', NULL, 1, 0),
(93, 991, 14, 127, 0, 1632, 1224, 'DSC01384', NULL, NULL, '2008-04-06 17:25:15', '2008-04-06 17:25:14', NULL, 1, 0),
(94, 991, 14, 128, 0, 1632, 1224, 'DSC01451', NULL, NULL, '2008-04-06 17:25:17', '2008-04-06 17:25:17', NULL, 1, 0),
(95, 1208, 7, 131, 2, 1600, 1200, 'Chopper VS Sport', NULL, NULL, '2008-04-07 09:32:29', '2008-04-06 21:48:38', NULL, 1, 0),
(96, 288, 15, 133, 0, 2048, 1536, 'В Пулково', NULL, NULL, '2008-04-06 22:30:26', '2008-04-06 22:30:26', NULL, 1, 0),
(97, 800, NULL, 139, 0, 2048, 1536, 'DSC00749', NULL, NULL, '2008-04-07 08:04:36', '2008-04-07 08:04:35', NULL, NULL, 0),
(98, 800, NULL, 140, 0, 2048, 1536, 'DSC00751', NULL, NULL, '2008-04-07 08:04:39', '2008-04-07 08:04:38', NULL, NULL, 0),
(99, 800, 16, 141, 0, 2048, 1536, 'DSC00749', NULL, NULL, '2008-04-07 08:07:26', '2008-04-07 08:07:25', NULL, 1, 0),
(100, 800, 16, 142, 0, 2048, 1536, 'DSC00750', NULL, NULL, '2008-04-07 08:07:29', '2008-04-07 08:07:29', NULL, 1, 0),
(101, 800, 16, 143, 0, 2048, 1536, 'DSC00751', NULL, NULL, '2008-04-07 08:07:32', '2008-04-07 08:07:31', NULL, 1, 0),
(102, 1195, 17, 144, 0, 1600, 1200, 'Постоянный тъюнинг', NULL, NULL, '2008-04-07 08:24:40', '2008-04-07 08:24:39', NULL, 1, 0),
(103, 389, 19, 145, 0, 2272, 1704, 'РР·РѕР±СЂР°Р¶РµРЅРёРµ_071', NULL, NULL, '2008-04-07 09:00:32', '2008-04-07 09:00:32', NULL, 1, 0),
(104, 389, 19, 146, 0, 2272, 1704, 'РР·РѕР±СЂР°Р¶РµРЅРёРµ_078', NULL, NULL, '2008-04-07 09:00:36', '2008-04-07 09:00:35', NULL, 1, 0),
(105, 389, 19, 147, 0, 2272, 1704, 'РР·РѕР±СЂР°Р¶РµРЅРёРµ_079', NULL, NULL, '2008-04-07 09:00:40', '2008-04-07 09:00:38', NULL, 1, 0),
(107, 405, 20, 149, 0, 389, 519, 'Я красавица и не ипЁт)', NULL, NULL, '2008-04-07 09:21:09', '2008-04-07 09:21:08', NULL, 1, 0),
(108, 1195, 18, 151, 2, 3264, 2448, 'P3040058', NULL, NULL, '2008-04-08 11:22:04', '2008-04-07 09:39:40', NULL, 1, 0),
(109, 1208, 7, 152, 0, 1024, 768, 'Аквилла папика', NULL, NULL, '2008-04-07 11:05:44', '2008-04-07 11:05:43', NULL, 1, 0),
(110, 1208, 7, 153, 0, 1024, 768, 'Аквилла папика #2', NULL, NULL, '2008-04-07 11:05:46', '2008-04-07 11:05:45', NULL, 1, 0),
(111, 1263, 23, 154, 0, 1280, 1024, '', NULL, NULL, '2008-04-07 11:28:27', '2008-04-07 11:18:21', NULL, 1, 0),
(112, 1263, 23, 155, 2, 1280, 1024, '', NULL, NULL, '2008-04-07 15:33:11', '2008-04-07 11:18:24', NULL, 1, 0),
(113, 1263, 23, 156, 0, 1280, 1024, '', NULL, NULL, '2008-04-07 11:28:22', '2008-04-07 11:18:25', NULL, 1, 0),
(114, 1263, 23, 157, 0, 1280, 960, '', NULL, NULL, '2008-04-07 11:28:12', '2008-04-07 11:18:28', NULL, 1, 0),
(115, 1302, 24, 158, 0, 2592, 1944, 'Изображение 004', NULL, NULL, '2008-04-07 12:20:43', '2008-04-07 12:20:42', NULL, 1, 0),
(116, 1302, 24, 159, 3, 1944, 2592, 'Изображение 013', NULL, NULL, '2008-04-07 14:01:40', '2008-04-07 12:20:47', NULL, 1, 0),
(117, 1209, 27, 163, 3, 1600, 1200, 'открытие сезона 2008', NULL, NULL, '2008-04-08 23:22:19', '2008-04-07 13:17:01', NULL, 1, 0),
(118, 1209, 27, 164, 0, 1600, 1200, 'V-MAX', NULL, NULL, '2008-04-07 13:18:56', '2008-04-07 13:18:55', NULL, 1, 0),
(119, 1369, 29, 168, 0, 604, 453, 'x_196d5589', NULL, NULL, '2008-04-07 15:18:22', '2008-04-07 15:18:22', NULL, 1, 0),
(120, 241, 28, 170, 0, 1704, 2272, 'А ты кто?', NULL, NULL, '2008-04-07 20:12:35', '2008-04-07 20:12:30', NULL, 1, 0),
(121, 241, 28, 171, 0, 1704, 2272, 'Пивничка "У Калеха", Прага ', NULL, NULL, '2008-04-07 20:14:18', '2008-04-07 20:14:18', NULL, 1, 0),
(122, 241, 28, 172, 0, 1704, 2272, 'В гостях у Jolly Riders', NULL, NULL, '2008-04-07 20:16:05', '2008-04-07 20:16:05', NULL, 1, 0),
(123, 241, 28, 173, 0, 1600, 1200, 'С солистом "Приключения Электроников", Закрытие сезона во Фрязино, 2006 г.', NULL, NULL, '2008-04-07 20:18:13', '2008-04-07 20:18:13', NULL, 1, 0),
(124, 241, 28, 174, 0, 367, 489, 'Закрытие сезона во Фрязино, 2007 г. ', NULL, NULL, '2008-04-07 20:19:56', '2008-04-07 20:19:56', NULL, 1, 0),
(128, 1240, NULL, 178, 0, 320, 480, 'x_492bbc850f', NULL, NULL, '2008-04-07 22:26:16', '2008-04-07 22:26:07', NULL, NULL, 0),
(129, 1240, NULL, 179, 0, 320, 480, 'x_492bbc850f', NULL, NULL, '2008-04-07 22:26:28', '2008-04-07 22:26:18', NULL, NULL, 0),
(130, 1240, NULL, 180, 0, 320, 480, 'x_492bbc850f', NULL, NULL, '2008-04-07 22:26:38', '2008-04-07 22:26:36', NULL, NULL, 0),
(131, 988, NULL, 181, 0, 650, 520, 'Василек', NULL, NULL, '2008-04-08 09:15:47', '2008-04-08 09:15:46', NULL, NULL, 0),
(132, 559, NULL, 183, 0, 1024, 681, 'это я Димон Шишкин', NULL, NULL, '2008-04-08 14:48:00', '2008-04-08 14:47:58', NULL, NULL, 0),
(133, 890, 34, 185, 0, 1536, 2048, 'DSC04026', NULL, NULL, '2008-04-08 16:55:43', '2008-04-08 16:55:43', NULL, 1, 0),
(134, 890, 34, 186, 0, 604, 452, 'x_dbd9a3a43e', NULL, NULL, '2008-04-08 16:55:46', '2008-04-08 16:55:45', NULL, 1, 0),
(135, 890, 35, 187, 0, 640, 480, 'd0fcf09c-cbcf-42f3-90b3-f8742cc39999', NULL, NULL, '2008-04-08 16:57:49', '2008-04-08 16:57:49', NULL, 1, 0),
(136, 890, 35, 188, 2, 600, 450, 'w600h450_000003404482ACCE', NULL, NULL, '2008-04-08 23:06:06', '2008-04-08 16:57:50', NULL, 1, 0),
(138, 287, 36, 191, 7, 1600, 1200, 'Бартировала колесо', NULL, NULL, '2008-04-11 14:07:37', '2008-04-08 22:33:20', NULL, 1, 0),
(139, 287, 36, 192, 10, 176, 220, 'это я', NULL, NULL, '2008-05-02 21:07:49', '2008-04-08 22:33:22', NULL, 1, 0),
(140, 287, 36, 193, 0, 1600, 1200, 'на Своем', NULL, NULL, '2008-04-08 22:33:23', '2008-04-08 22:33:23', NULL, 1, 0),
(142, 484, NULL, 199, 0, 604, 453, 'открытие 2008', NULL, NULL, '2008-04-09 08:28:20', '2008-04-09 08:28:19', NULL, NULL, 0),
(143, 484, NULL, 200, 0, 604, 453, 'я и мой малыш на Красной Площади', NULL, NULL, '2008-04-09 08:28:20', '2008-04-09 08:28:20', NULL, NULL, 0),
(144, 1450, NULL, 201, 0, 1158, 1740, 'Закрытие 2007г. сезона.', NULL, NULL, '2008-04-09 12:22:29', '2008-04-09 12:22:28', NULL, NULL, 0),
(145, 1450, NULL, 202, 0, 1740, 1176, 'Совкоцикл!', NULL, NULL, '2008-04-09 12:22:33', '2008-04-09 12:22:32', NULL, NULL, 0),
(146, 1450, NULL, 203, 0, 1764, 1170, 'Дальнобой на днепрах это испытание.', NULL, NULL, '2008-04-09 12:22:35', '2008-04-09 12:22:34', NULL, NULL, 0),
(150, 1208, 7, 208, 0, 1024, 768, 'GV 250', NULL, NULL, '2008-04-09 15:34:25', '2008-04-09 15:34:25', NULL, 1, 0),
(151, 1208, 7, 209, 0, 1024, 768, 'GV 250', NULL, NULL, '2008-04-09 15:34:26', '2008-04-09 15:34:26', NULL, 1, 0),
(152, 1208, 7, 210, 2, 1024, 768, 'GT 250 R', NULL, NULL, '2008-04-10 02:42:31', '2008-04-09 15:34:27', NULL, 1, 0),
(153, 1208, 7, 211, 0, 1024, 768, 'GT 250 R', NULL, NULL, '2008-04-09 15:34:29', '2008-04-09 15:34:28', NULL, 1, 0),
(154, 1344, 38, 212, 3, 600, 450, 'Чоппер', NULL, NULL, '2008-04-09 21:35:24', '2008-04-09 16:52:14', NULL, 1, 0),
(155, 1344, 38, 213, 0, 800, 604, 'Triumph', NULL, NULL, '2008-04-09 16:53:36', '2008-04-09 16:52:41', NULL, 1, 0),
(156, 1344, 38, 214, 0, 1023, 745, 'Suzuki Hayabusa 1300', NULL, NULL, '2008-04-09 16:53:23', '2008-04-09 16:53:04', NULL, 1, 0),
(158, 405, 20, 218, 18, 650, 867, 'Я)', NULL, NULL, '2008-04-24 10:06:34', '2008-04-09 19:02:22', NULL, 1, 0),
(159, 1450, 40, 224, 1, 1764, 1170, 'Дальнобой на Днепрах это испытание.', NULL, NULL, '2008-04-10 01:24:41', '2008-04-09 21:19:07', NULL, 1, 0),
(160, 1450, 40, 225, 0, 1764, 1175, 'Мы с братом. Раждение нового извращения.', NULL, NULL, '2008-04-09 21:19:10', '2008-04-09 21:19:09', NULL, 1, 0),
(161, 1450, 40, 226, 0, 1740, 1176, 'Извращение над Днепром.', NULL, NULL, '2008-04-09 21:29:40', '2008-04-09 21:29:40', NULL, 1, 0),
(162, 637, NULL, 238, 0, 700, 525, 'Я и моя куколка', NULL, NULL, '2008-04-10 22:09:19', '2008-04-10 22:09:19', NULL, NULL, 0),
(163, 637, NULL, 239, 0, 700, 525, 'Я и моя куколка', NULL, NULL, '2008-04-10 22:10:30', '2008-04-10 22:10:30', NULL, NULL, 0),
(164, 637, NULL, 240, 0, 700, 525, '2013343', NULL, NULL, '2008-04-10 22:23:51', '2008-04-10 22:23:49', NULL, NULL, 0),
(165, 637, NULL, 241, 0, 700, 525, '2013343', NULL, NULL, '2008-04-10 22:24:34', '2008-04-10 22:24:34', NULL, NULL, 0),
(166, 853, 41, 243, 0, 2848, 2134, '100_1198', NULL, NULL, '2008-04-11 14:33:57', '2008-04-11 14:33:52', NULL, 1, 0),
(167, 590, 42, 245, 0, 2560, 1920, 'P4046612', NULL, NULL, '2008-04-11 17:35:28', '2008-04-11 17:35:27', NULL, 1, 0),
(168, 998, 46, 246, 10, 917, 514, '3 байка', NULL, NULL, '2008-04-14 18:38:49', '2008-04-12 12:48:12', NULL, 1, 0),
(170, 1813, NULL, 254, 0, 1600, 1200, '1', NULL, NULL, '2008-04-12 19:04:21', '2008-04-12 19:04:20', NULL, NULL, 0),
(171, 1365, NULL, 255, 0, 1536, 2048, 'Я', NULL, NULL, '2008-04-12 19:50:36', '2008-04-12 19:50:36', NULL, NULL, 0),
(172, 60, 47, 257, 0, 3072, 2304, 'P1050124', NULL, NULL, '2008-04-12 21:22:19', '2008-04-12 21:22:18', NULL, 1, 0),
(174, 60, 47, 259, 0, 3072, 2304, 'P1050127', NULL, NULL, '2008-04-12 21:23:52', '2008-04-12 21:23:52', NULL, 1, 0),
(175, 60, 47, 260, 3, 3072, 2304, 'P1050129', NULL, NULL, '2008-04-29 01:27:59', '2008-04-12 21:25:59', NULL, 1, 0),
(176, 60, 47, 261, 0, 2304, 3072, 'P1050125', NULL, NULL, '2008-04-12 21:27:30', '2008-04-12 21:27:30', NULL, 1, 0),
(177, 60, 47, 262, 0, 3072, 2304, 'P1050130', NULL, NULL, '2008-04-12 21:41:08', '2008-04-12 21:41:08', NULL, 1, 0),
(178, 60, 47, 263, 0, 3072, 2304, 'P1050134', NULL, NULL, '2008-04-12 21:42:49', '2008-04-12 21:42:49', NULL, 1, 0),
(179, 60, 47, 264, 1, 3072, 2304, 'P1050135', NULL, NULL, '2008-04-12 22:06:50', '2008-04-12 21:44:25', NULL, 1, 0),
(180, 60, 47, 265, 0, 3072, 2304, 'P1040997', NULL, NULL, '2008-04-12 21:47:03', '2008-04-12 21:47:02', NULL, 1, 0),
(181, 60, 47, 266, 2, 2775, 2081, 'P1050163', NULL, NULL, '2008-04-13 19:11:36', '2008-04-12 21:51:10', NULL, 1, 0),
(182, 60, 47, 267, 0, 2418, 1814, 'P1050157', NULL, NULL, '2008-04-12 21:57:14', '2008-04-12 21:57:14', NULL, 1, 0),
(183, 60, 47, 268, 0, 3072, 2304, 'P1050065', NULL, NULL, '2008-04-12 21:59:52', '2008-04-12 21:59:52', NULL, 1, 0),
(184, 1813, NULL, 276, 0, 1600, 1200, '123', NULL, NULL, '2008-04-14 01:07:16', '2008-04-14 01:07:16', NULL, NULL, 0),
(189, 698, NULL, 282, 0, 1280, 1024, 'Я и Husong 250R', NULL, NULL, '2008-04-15 17:03:04', '2008-04-15 17:03:02', NULL, NULL, 0),
(190, 698, NULL, 283, 0, 1152, 864, 'Husong 125 Enduro', NULL, NULL, '2008-04-15 17:03:08', '2008-04-15 17:03:06', NULL, NULL, 0),
(191, 698, NULL, 284, 0, 1632, 1224, 'MT peredelka', NULL, NULL, '2008-04-15 17:03:12', '2008-04-15 17:03:10', NULL, NULL, 0),
(192, 698, NULL, 285, 0, 1632, 1224, 'Я и мои друзья', NULL, NULL, '2008-04-15 17:03:16', '2008-04-15 17:03:14', NULL, NULL, 0),
(193, 698, NULL, 286, 0, 1280, 1024, 'Я и Husong 250R', NULL, NULL, '2008-04-15 17:03:56', '2008-04-15 17:03:54', NULL, NULL, 0),
(194, 698, NULL, 287, 0, 1152, 864, 'Husong 125 Enduro', NULL, NULL, '2008-04-15 17:03:59', '2008-04-15 17:03:57', NULL, NULL, 0),
(195, 698, NULL, 288, 0, 1632, 1224, 'MT peredelka', NULL, NULL, '2008-04-15 17:04:03', '2008-04-15 17:04:00', NULL, NULL, 0),
(196, 698, NULL, 289, 0, 1632, 1224, 'Я и мои друзья', NULL, NULL, '2008-04-15 17:04:09', '2008-04-15 17:04:05', NULL, NULL, 0),
(197, 698, NULL, 290, 0, 1376, 1032, 'Играем в бильярд', NULL, NULL, '2008-04-15 17:04:14', '2008-04-15 17:04:12', NULL, NULL, 0),
(198, 698, 49, 291, 8, 1280, 1024, 'Hyosung 250 R', NULL, NULL, '2008-04-23 08:24:55', '2008-04-15 17:14:27', NULL, 1, 0),
(199, 698, 49, 292, 3, 1152, 864, 'Hyosung 125 Endyro', NULL, NULL, '2008-04-16 18:45:27', '2008-04-15 17:14:31', NULL, 1, 0),
(200, 698, 49, 293, 0, 1632, 1224, 'MT peredelka', NULL, NULL, '2008-04-15 17:14:35', '2008-04-15 17:14:33', NULL, 1, 0),
(201, 698, 49, 294, 0, 1376, 1032, 'Играем в бильярд', NULL, NULL, '2008-04-15 17:14:39', '2008-04-15 17:14:38', NULL, 1, 0),
(202, 698, 49, 295, 0, 640, 480, 'Это я', NULL, NULL, '2008-04-15 17:14:41', '2008-04-15 17:14:40', NULL, 1, 0),
(203, 1228, 56, 298, 2, 1085, 750, 'Фотожоп рулит', NULL, NULL, '2008-04-16 10:56:42', '2008-04-16 01:49:06', NULL, 1, 0),
(204, 1228, 56, 299, 0, 1632, 1224, 'DSC00035', NULL, NULL, '2008-04-16 01:49:07', '2008-04-16 01:49:07', NULL, 1, 0),
(205, 1228, 56, 300, 0, 1632, 1224, 'DSC00032', NULL, NULL, '2008-04-16 01:49:09', '2008-04-16 01:49:09', NULL, 1, 0),
(206, 1228, 56, 301, 0, 1632, 1224, 'DSC00034', NULL, NULL, '2008-04-16 01:49:11', '2008-04-16 01:49:11', NULL, 1, 0),
(207, 405, 20, 309, 0, 640, 480, 'Моя малышка!)', NULL, NULL, '2008-04-16 17:54:55', '2008-04-16 17:54:55', NULL, 1, 0),
(209, 405, 20, 311, 7, 640, 480, 'моя малышка 2)))', NULL, NULL, '2008-06-29 21:40:36', '2008-04-16 17:57:20', NULL, 1, 0),
(210, 1209, 27, 322, 2, 1024, 768, 'мото 005', NULL, NULL, '2008-04-22 22:15:47', '2008-04-21 20:02:23', NULL, 1, 0),
(212, 1821, NULL, 337, 0, 3264, 2448, 'honda cb-1=)', NULL, NULL, '2008-04-23 16:07:41', '2008-04-23 16:07:41', NULL, NULL, 0),
(213, 1821, NULL, 338, 0, 3264, 2448, 'honda cb-1=)', NULL, NULL, '2008-04-23 16:07:48', '2008-04-23 16:07:47', NULL, NULL, 0),
(214, 1345, NULL, 341, 0, 800, 600, 'Мой мото Нonda VFR 800 IIA -INTERCEPTOR 2006', NULL, NULL, '2008-04-24 17:54:41', '2008-04-24 17:54:41', NULL, NULL, 0),
(215, 1345, NULL, 342, 0, 800, 600, 'RC46-1500444-4', NULL, NULL, '2008-04-24 17:54:41', '2008-04-24 17:54:41', NULL, NULL, 0),
(216, 1345, NULL, 343, 0, 800, 600, 'RC46-1500444-3', NULL, NULL, '2008-04-24 17:54:43', '2008-04-24 17:54:42', NULL, NULL, 0),
(217, 1345, NULL, 344, 0, 800, 600, 'RC46-1500444-2', NULL, NULL, '2008-04-24 17:54:43', '2008-04-24 17:54:43', NULL, NULL, 0),
(218, 1872, 60, 346, 0, 2048, 1536, 'до 2 часов ночи...', NULL, NULL, '2008-04-29 10:17:44', '2008-04-29 10:17:44', NULL, 1, 0),
(219, 1985, NULL, 347, 0, 1280, 1024, 'fz6_a_1280_527', NULL, NULL, '2008-04-29 10:51:08', '2008-04-29 10:51:08', NULL, NULL, 0),
(220, 1985, NULL, 348, 0, 604, 452, 'x_251ce9ab', NULL, NULL, '2008-04-29 10:51:09', '2008-04-29 10:51:09', NULL, NULL, 0),
(221, 1985, NULL, 349, 0, 360, 480, 'x_4f5dfa46', NULL, NULL, '2008-04-29 10:51:09', '2008-04-29 10:51:09', NULL, NULL, 0),
(222, 1985, NULL, 350, 0, 360, 480, 'x_e1d0ebf7', NULL, NULL, '2008-04-29 10:51:10', '2008-04-29 10:51:10', NULL, NULL, 0),
(223, 1985, NULL, 351, 0, 480, 640, 'bikepics-1028440-full', NULL, NULL, '2008-04-29 10:51:10', '2008-04-29 10:51:10', NULL, NULL, 0),
(224, 1985, 62, 352, 0, 604, 452, '4', NULL, NULL, '2008-04-29 11:13:22', '2008-04-29 11:02:18', NULL, 1, 0),
(225, 1985, 62, 353, 0, 360, 480, '2', NULL, NULL, '2008-04-29 11:13:09', '2008-04-29 11:02:19', NULL, 1, 0),
(226, 1985, 62, 354, 0, 360, 480, '3', NULL, NULL, '2008-04-29 11:13:12', '2008-04-29 11:02:19', NULL, 1, 0),
(227, 1985, 62, 355, 0, 360, 480, '1', NULL, NULL, '2008-04-29 11:13:05', '2008-04-29 11:03:05', NULL, 1, 0),
(228, 1985, 62, 356, 0, 2112, 2816, '6', NULL, NULL, '2008-04-29 11:07:06', '2008-04-29 11:07:06', NULL, 1, 0),
(229, 1985, 62, 357, 0, 2816, 2112, '6', NULL, NULL, '2008-04-29 11:07:11', '2008-04-29 11:07:10', NULL, 1, 0),
(230, 1985, 62, 358, 0, 2112, 2816, '5', NULL, NULL, '2008-04-29 11:13:28', '2008-04-29 11:07:15', NULL, 1, 0),
(231, 2001, NULL, 359, 0, 1024, 768, 'Приехал на работу 2007', NULL, NULL, '2008-04-29 11:11:29', '2008-04-29 11:11:29', NULL, NULL, 0),
(232, 2001, NULL, 360, 0, 768, 1024, 'МКАД 2007', NULL, NULL, '2008-04-29 11:11:30', '2008-04-29 11:11:30', NULL, NULL, 0),
(233, 2001, NULL, 361, 0, 2048, 1536, 'Собираемся в дальняк 2006', NULL, NULL, '2008-04-29 11:11:31', '2008-04-29 11:11:31', NULL, NULL, 0),
(234, 2001, NULL, 362, 0, 2048, 1536, 'Доска почета 2006', NULL, NULL, '2008-04-29 11:11:35', '2008-04-29 11:11:34', NULL, NULL, 0),
(235, 2001, NULL, 363, 0, 2048, 1536, 'Хорошие ребята Томск 2006', NULL, NULL, '2008-04-29 11:11:38', '2008-04-29 11:11:38', NULL, NULL, 0),
(237, 1865, 66, 365, 1, 1555, 1037, '', NULL, NULL, '2008-04-29 22:38:45', '2008-04-29 18:30:09', NULL, 1, 0),
(238, 1865, 66, 366, 0, 480, 722, '', NULL, NULL, '2008-04-29 22:38:45', '2008-04-29 18:30:10', NULL, 1, 0),
(239, 1865, 66, 367, 0, 1709, 2570, 'простооооооо', NULL, NULL, '2008-04-29 22:38:45', '2008-04-29 18:30:11', NULL, 1, 0),
(240, 1865, 66, 368, 0, 1632, 1224, 'в рок-н-ролл кафе "Бешенная мама"', NULL, NULL, '2008-04-29 22:38:45', '2008-04-29 18:30:14', NULL, 1, 0),
(242, 1891, 67, 371, 0, 1200, 1600, 'IMG_1977', NULL, NULL, '2008-04-30 00:23:39', '2008-04-30 00:23:39', NULL, 1, 0),
(243, 1891, 67, 372, 2, 3264, 2448, 'IMG_0774', NULL, NULL, '2008-04-30 03:12:55', '2008-04-30 00:23:41', NULL, 1, 0),
(245, 1891, 67, 374, 0, 2304, 1728, 'P1020109', NULL, NULL, '2008-04-30 00:29:14', '2008-04-30 00:29:14', NULL, 1, 0),
(246, 1891, 67, 375, 2, 2304, 1728, 'P1050318', NULL, NULL, '2008-04-30 09:31:01', '2008-04-30 00:29:17', NULL, 1, 0),
(247, 1891, 67, 376, 0, 1728, 2304, 'P1050382', NULL, NULL, '2008-04-30 00:29:21', '2008-04-30 00:29:20', NULL, 1, 0),
(248, 1891, 67, 377, 0, 1728, 2304, 'P1050794', NULL, NULL, '2008-04-30 00:29:25', '2008-04-30 00:29:24', NULL, 1, 0),
(249, 1891, 67, 378, 0, 2304, 1728, 'P1060344', NULL, NULL, '2008-04-30 00:29:28', '2008-04-30 00:29:28', NULL, 1, 0),
(250, 1891, 67, 379, 3, 1728, 2304, 'P1060445', NULL, NULL, '2008-05-01 14:13:49', '2008-04-30 00:30:43', NULL, 1, 0),
(251, 1891, 67, 380, 0, 1728, 2304, 'P1060529', NULL, NULL, '2008-04-30 00:30:47', '2008-04-30 00:30:46', NULL, 1, 0),
(252, 1891, 67, 381, 0, 2304, 1728, 'P1060617', NULL, NULL, '2008-04-30 00:30:50', '2008-04-30 00:30:50', NULL, 1, 0),
(253, 1891, 67, 382, 0, 1728, 2304, 'P1060687', NULL, NULL, '2008-04-30 00:30:53', '2008-04-30 00:30:53', NULL, 1, 0),
(256, 1965, 73, 387, 0, 2112, 2816, 'Возле дома', NULL, NULL, '2008-04-30 01:57:56', '2008-04-30 01:57:56', NULL, 1, 0),
(257, 1965, 73, 388, 0, 1024, 1280, 'На отдыхе', NULL, NULL, '2008-04-30 01:58:00', '2008-04-30 01:58:00', NULL, 1, 0),
(258, 1965, 73, 389, 1, 2816, 2112, 'в позапрошлом году', NULL, NULL, '2008-04-30 09:30:15', '2008-04-30 01:58:01', NULL, 1, 0),
(259, 1787, 75, 391, 4, 640, 480, '23', NULL, NULL, '2008-06-29 21:27:58', '2008-04-30 08:12:34', NULL, 1, 0),
(260, 1787, 75, 392, 0, 960, 1280, 'Фото(689)', NULL, NULL, '2008-04-30 08:12:34', '2008-04-30 08:12:34', NULL, 1, 0),
(261, 2046, NULL, 397, 0, 3072, 2304, 'это я', NULL, NULL, '2008-04-30 22:59:23', '2008-04-30 22:59:23', NULL, NULL, 0),
(262, 1860, 65, 398, 0, 3264, 2448, 'IMG_0740', NULL, NULL, '2008-05-08 12:16:03', '2008-05-01 11:08:47', NULL, 1, 0),
(263, 1992, NULL, 399, 0, 709, 945, 'Nynikak', NULL, NULL, '2008-05-01 13:36:54', '2008-05-01 13:36:54', NULL, NULL, 0),
(264, 1992, NULL, 400, 0, 567, 756, 'Nynikak', NULL, NULL, '2008-05-01 13:36:54', '2008-05-01 13:36:54', NULL, NULL, 0),
(265, 1992, NULL, 401, 0, 756, 567, 'Nynikak', NULL, NULL, '2008-05-01 13:36:55', '2008-05-01 13:36:55', NULL, NULL, 0),
(266, 1992, NULL, 402, 0, 709, 945, 'Nynikak', NULL, NULL, '2008-05-01 13:38:12', '2008-05-01 13:38:12', NULL, NULL, 0),
(267, 1992, 79, 403, 6, 567, 756, 'photo16', NULL, NULL, '2008-05-22 22:00:33', '2008-05-01 13:41:40', NULL, 1, 0),
(268, 1992, 79, 404, 1, 756, 567, 'photo18', NULL, NULL, '2008-05-16 00:16:08', '2008-05-01 13:41:40', NULL, 1, 0),
(269, 508, 78, 405, 0, 2048, 3072, 'DSC00916', NULL, NULL, '2008-05-01 13:41:54', '2008-05-01 13:41:54', NULL, 1, 0),
(270, 2051, NULL, 412, 0, 1600, 1200, 'Гоблин шоу 2007-концерт', NULL, NULL, '2008-05-02 04:45:12', '2008-05-02 04:45:12', NULL, NULL, 0),
(271, 2051, NULL, 413, 0, 1600, 1200, 'Гоблин шоу 2007- соревнования', NULL, NULL, '2008-05-02 04:45:14', '2008-05-02 04:45:14', NULL, NULL, 0),
(272, 2051, NULL, 414, 0, 1600, 1200, 'Гоблин шоу 2007- танцульки', NULL, NULL, '2008-05-02 04:45:15', '2008-05-02 04:45:15', NULL, NULL, 0),
(273, 2051, NULL, 415, 0, 1600, 1200, 'Гоблин шоу 2007- подымают пыль', NULL, NULL, '2008-05-02 04:45:17', '2008-05-02 04:45:16', NULL, NULL, 0),
(274, 2051, NULL, 416, 0, 1600, 1200, 'Гоблин шоу 2007- переменка (кто где)', NULL, NULL, '2008-05-02 04:45:18', '2008-05-02 04:45:18', NULL, NULL, 0),
(275, 2051, 82, 417, 3, 1600, 1200, 'очередные певчие', NULL, NULL, '2008-05-03 01:09:51', '2008-05-02 04:59:44', NULL, 1, 0),
(276, 2051, 82, 418, 0, 1600, 1200, 'один из конкурсов', NULL, NULL, '2008-05-02 04:59:46', '2008-05-02 04:59:46', NULL, 1, 0),
(277, 2051, 82, 419, 2, 1600, 1200, 'танцульки', NULL, NULL, '2008-05-03 01:25:52', '2008-05-02 04:59:47', NULL, 1, 0),
(278, 2051, 82, 420, 0, 1600, 1200, 'мото-танцы', NULL, NULL, '2008-05-02 04:59:48', '2008-05-02 04:59:48', NULL, 1, 0),
(279, 2051, 82, 421, 0, 1600, 1200, 'переменка (кто, где... катаются)', NULL, NULL, '2008-05-02 04:59:50', '2008-05-02 04:59:50', NULL, 1, 0),
(280, 1821, 77, 426, 0, 3264, 2448, 'SS859595', NULL, NULL, '2008-05-02 15:05:40', '2008-05-02 15:05:40', NULL, 1, 0),
(281, 1821, 77, 427, 0, 3264, 2448, 'SS859596', NULL, NULL, '2008-05-02 15:23:11', '2008-05-02 15:23:11', NULL, 1, 0),
(282, 395, NULL, 428, 0, 800, 600, 'pic20_big', NULL, NULL, '2008-05-02 19:01:02', '2008-05-02 19:01:02', NULL, NULL, 0),
(283, 395, 86, 429, 1, 800, 600, 'pic20_big', NULL, NULL, '2008-05-03 23:24:07', '2008-05-02 19:38:21', NULL, 1, 0),
(285, 1344, 87, 432, 0, 892, 887, 'на кастоме', NULL, NULL, '2008-05-02 21:42:07', '2008-05-02 21:42:07', NULL, 1, 0),
(286, 2048, 88, 436, 0, 2048, 1536, 'P4270001', NULL, NULL, '2008-05-03 23:21:17', '2008-05-03 23:21:16', NULL, NULL, 0),
(287, 2048, 88, 437, 0, 1536, 2048, 'P4270003', NULL, NULL, '2008-05-03 23:21:20', '2008-05-03 23:21:19', NULL, NULL, 0),
(288, 2048, 88, 438, 0, 1932, 2576, '100_3226', NULL, NULL, '2008-05-03 23:21:23', '2008-05-03 23:21:23', NULL, NULL, 0),
(289, 2048, 88, 439, 0, 2576, 1932, '100_3230', NULL, NULL, '2008-05-03 23:21:29', '2008-05-03 23:21:27', NULL, NULL, 0),
(290, 2048, 88, 440, 0, 1200, 1600, 'Photo-0261', NULL, NULL, '2008-05-03 23:21:33', '2008-05-03 23:21:32', NULL, NULL, 0),
(291, 782, NULL, 442, 0, 800, 536, 'DSC_0394', NULL, NULL, '2008-05-04 14:11:58', '2008-05-04 14:11:58', NULL, NULL, 0),
(292, 782, NULL, 443, 0, 128, 86, 'а', NULL, NULL, '2008-05-04 14:11:58', '2008-05-04 14:11:58', NULL, NULL, 0),
(293, 782, NULL, 444, 0, 640, 445, 'Без названия', NULL, NULL, '2008-05-04 16:58:04', '2008-05-04 14:11:58', NULL, NULL, 0),
(294, 782, NULL, 445, 0, 640, 480, 'Без названия', NULL, NULL, '2008-05-04 16:58:04', '2008-05-04 14:11:59', NULL, NULL, 0),
(295, 782, NULL, 446, 0, 640, 430, 'Без названия', NULL, NULL, '2008-05-04 16:58:04', '2008-05-04 14:11:59', NULL, NULL, 0),
(296, 782, 92, 447, 0, 800, 536, 'DSC_0394', NULL, NULL, '2008-05-04 14:14:38', '2008-05-04 14:14:38', NULL, 1, 0),
(297, 782, 92, 448, 0, 640, 445, 'Без названия', NULL, NULL, '2008-05-04 16:58:04', '2008-05-04 14:14:39', NULL, 1, 0),
(298, 782, 92, 449, 0, 640, 430, 'Без названия', NULL, NULL, '2008-05-04 16:58:04', '2008-05-04 14:14:39', NULL, 1, 0),
(299, 782, 92, 450, 0, 128, 86, 'а', NULL, NULL, '2008-05-04 14:14:40', '2008-05-04 14:14:39', NULL, 1, 0),
(300, 782, 92, 451, 0, 321, 480, 'Без названия', NULL, NULL, '2008-05-04 16:58:04', '2008-05-04 14:14:41', NULL, 1, 0),
(301, 2056, NULL, 452, 0, 333, 500, '1', NULL, NULL, '2008-05-04 21:18:00', '2008-05-04 21:18:00', NULL, NULL, 0),
(302, 2056, NULL, 453, 0, 333, 500, '2', NULL, NULL, '2008-05-04 21:18:00', '2008-05-04 21:18:00', NULL, NULL, 0),
(303, 2056, NULL, 454, 0, 333, 500, '3', NULL, NULL, '2008-05-04 21:18:00', '2008-05-04 21:18:00', NULL, NULL, 0),
(304, 2056, NULL, 455, 0, 333, 500, '4', NULL, NULL, '2008-05-04 21:18:01', '2008-05-04 21:18:01', NULL, NULL, 0),
(305, 2056, NULL, 456, 0, 500, 333, '5', NULL, NULL, '2008-05-04 21:18:01', '2008-05-04 21:18:01', NULL, NULL, 0),
(306, 2056, 93, 457, 0, 333, 500, 'Швейцария', NULL, NULL, '2008-05-04 22:10:03', '2008-05-04 21:21:43', NULL, 1, 0),
(307, 2056, 93, 458, 0, 333, 500, 'Тушино. МИ-8', NULL, NULL, '2008-05-04 22:09:55', '2008-05-04 21:21:43', NULL, 1, 0),
(308, 2056, 93, 459, 0, 333, 500, 'Служба идет...', NULL, NULL, '2008-05-04 22:09:45', '2008-05-04 21:21:44', NULL, 1, 0),
(309, 2056, 93, 460, 0, 500, 333, 'Пролетая над Воронежем', NULL, NULL, '2008-05-04 22:09:38', '2008-05-04 21:21:44', NULL, 1, 0),
(310, 2056, 93, 461, 0, 500, 333, 'Воронеж. Сборы', NULL, NULL, '2008-05-04 22:09:25', '2008-05-04 21:21:44', NULL, 1, 0),
(312, 2056, 93, 463, 0, 375, 500, 'Настоящий', NULL, NULL, '2008-05-04 22:08:31', '2008-05-04 21:22:52', NULL, 1, 0),
(313, 2056, 93, 464, 3, 375, 500, 'Вот так вот', NULL, NULL, '2008-05-07 15:49:02', '2008-05-04 21:22:52', NULL, 1, 0),
(314, 2056, 93, 465, 0, 375, 500, 'На фашисте!', NULL, NULL, '2008-05-04 22:08:05', '2008-05-04 21:22:53', NULL, 1, 0),
(315, 2056, 93, 466, 2, 600, 450, 'Светик и Я!', NULL, NULL, '2008-05-04 22:07:13', '2008-05-04 21:22:53', NULL, 1, 0),
(316, 2056, 93, 467, 0, 600, 450, 'Картина', NULL, NULL, '2008-05-04 22:07:48', '2008-05-04 21:23:37', NULL, 1, 0),
(317, 2056, 93, 468, 0, 600, 450, 'Дуло!', NULL, NULL, '2008-05-04 22:07:39', '2008-05-04 21:23:37', NULL, 1, 0),
(318, 2056, 93, 469, 1, 600, 398, 'Шоссе в Шереметьево.', NULL, NULL, '2008-05-04 22:07:31', '2008-05-04 21:23:37', NULL, 1, 0),
(319, 2056, 93, 473, 0, 359, 480, 'Благополучно от туда свалила!Это СПб. Десять раз подумайте, прежде, чем ехать туда! ', NULL, NULL, '2008-05-06 17:49:28', '2008-05-04 22:06:13', NULL, 1, 0),
(320, 2056, 93, 474, 2, 333, 500, 'Перед прыгом на черное море. Агой', NULL, NULL, '2008-05-07 15:49:58', '2008-05-04 22:18:02', NULL, 1, 0),
(321, 2056, 93, 475, 0, 333, 500, 'После прыга на черное море', NULL, NULL, '2008-05-04 22:19:40', '2008-05-04 22:18:02', NULL, 1, 0),
(322, 2056, 93, 476, 0, 500, 333, 'Стрельбы. Подмосковье', NULL, NULL, '2008-05-04 22:19:22', '2008-05-04 22:18:02', NULL, 1, 0),
(323, 2056, 93, 477, 0, 500, 333, 'С легендой. Командир"Стрижей" Николай Дятел', NULL, NULL, '2008-05-04 22:26:41', '2008-05-04 22:18:03', NULL, 1, 0),
(324, 2056, 93, 478, 0, 500, 375, 'И я рядом.', NULL, NULL, '2008-05-04 22:22:58', '2008-05-04 22:22:19', NULL, 1, 0),
(325, 2056, 93, 479, 5, 500, 375, 'Моц за 200 000 бяков!', NULL, NULL, '2008-05-06 17:47:31', '2008-05-04 22:22:19', NULL, 1, 0),
(326, 1984, 94, 480, 0, 800, 776, 'Точечный рисунок (4)', NULL, NULL, '2008-05-04 22:58:18', '2008-05-04 22:58:18', NULL, 1, 0),
(327, 1984, 94, 481, 2, 1632, 1224, 'DSC00062', NULL, NULL, '2008-05-05 01:55:20', '2008-05-04 22:58:19', NULL, 1, 0),
(328, 1984, 94, 482, 0, 1632, 1224, 'DSC00068', NULL, NULL, '2008-05-04 22:58:21', '2008-05-04 22:58:21', NULL, 1, 0),
(330, 2047, 85, 485, 0, 2592, 3888, 'IMG_6005', NULL, NULL, '2008-05-05 01:14:08', '2008-05-05 01:14:08', NULL, 1, 0),
(332, 1860, 65, 491, 0, 3264, 2448, 'IMG_0509', NULL, NULL, '2008-05-08 12:16:03', '2008-05-05 17:19:46', NULL, 1, 0),
(333, 1860, 65, 492, 0, 3264, 2448, 'IMG_0508', NULL, NULL, '2008-05-08 12:16:03', '2008-05-05 17:19:53', NULL, 1, 0),
(334, 1860, 65, 493, 0, 3264, 2448, 'IMG_0507', NULL, NULL, '2008-05-08 12:16:03', '2008-05-05 17:19:59', NULL, 1, 0),
(335, 2064, NULL, 494, 0, 922, 692, 'Новый сезон на более кубатурной итехнике', NULL, NULL, '2008-05-05 17:28:08', '2008-05-05 17:28:08', NULL, NULL, 0),
(336, 2064, NULL, 495, 0, 922, 692, 'Как мы вместе:', NULL, NULL, '2008-05-05 17:28:09', '2008-05-05 17:28:09', NULL, NULL, 0),
(337, 2064, NULL, 496, 0, 691, 921, 'DSC03951', NULL, NULL, '2008-05-05 17:28:09', '2008-05-05 17:28:09', NULL, NULL, 0),
(338, 2064, NULL, 497, 0, 922, 692, 'DSC03967', NULL, NULL, '2008-05-05 17:28:10', '2008-05-05 17:28:10', NULL, NULL, 0),
(339, 2064, NULL, 498, 0, 691, 921, 'DSC03964', NULL, NULL, '2008-05-05 17:28:11', '2008-05-05 17:28:11', NULL, NULL, 0),
(340, 2064, 97, 499, 0, 922, 692, 'DSC03950', NULL, NULL, '2008-05-05 17:41:22', '2008-05-05 17:41:22', NULL, 1, 0),
(341, 2064, 97, 500, 0, 691, 921, 'DSC03951', NULL, NULL, '2008-05-05 17:41:22', '2008-05-05 17:41:22', NULL, 1, 0),
(342, 2064, 97, 501, 0, 691, 921, 'DSC03952', NULL, NULL, '2008-05-05 17:41:23', '2008-05-05 17:41:23', NULL, 1, 0),
(343, 2064, 97, 502, 0, 691, 921, 'DSC03954', NULL, NULL, '2008-05-05 17:41:24', '2008-05-05 17:41:24', NULL, 1, 0),
(345, 2064, 97, 504, 0, 922, 692, 'DSC03949', NULL, NULL, '2008-05-05 17:44:30', '2008-05-05 17:44:30', NULL, 1, 0),
(346, 1860, 65, 506, 0, 500, 385, 'new_638_1b', NULL, NULL, '2008-05-08 12:16:03', '2008-05-05 18:45:31', NULL, 1, 0),
(347, 2042, NULL, 507, 0, 3264, 2448, '117408197', NULL, NULL, '2008-05-05 20:25:31', '2008-05-05 20:25:31', NULL, NULL, 0),
(348, 2042, NULL, 508, 0, 3264, 2448, '117408197', NULL, NULL, '2008-05-05 20:44:46', '2008-05-05 20:44:46', NULL, NULL, 0),
(349, 1990, NULL, 509, 0, 489, 326, 'Это я', NULL, NULL, '2008-05-06 03:09:36', '2008-05-06 03:09:35', NULL, NULL, 0),
(350, 1990, NULL, 510, 0, 489, 326, 'Чешу репу', NULL, NULL, '2008-05-06 03:09:36', '2008-05-06 03:09:36', NULL, NULL, 0),
(351, 1990, NULL, 511, 0, 326, 489, 'Выезд2', NULL, NULL, '2008-05-06 03:09:37', '2008-05-06 03:09:37', NULL, NULL, 0),
(352, 1990, NULL, 512, 0, 326, 489, 'Выезд', NULL, NULL, '2008-05-06 03:09:37', '2008-05-06 03:09:37', NULL, NULL, 0),
(353, 1990, NULL, 513, 0, 326, 489, 'Выезд2', NULL, NULL, '2008-05-06 03:10:18', '2008-05-06 03:10:18', NULL, NULL, 0),
(354, 1990, NULL, 514, 0, 326, 489, 'Выезд', NULL, NULL, '2008-05-06 03:10:18', '2008-05-06 03:10:18', NULL, NULL, 0),
(355, 1990, NULL, 515, 0, 489, 326, 'Это я', NULL, NULL, '2008-05-06 03:10:19', '2008-05-06 03:10:19', NULL, NULL, 0),
(356, 1990, NULL, 516, 0, 489, 326, 'Чешу репу', NULL, NULL, '2008-05-06 03:10:19', '2008-05-06 03:10:19', NULL, NULL, 0),
(357, 1990, 98, 517, 0, 326, 489, 'Выезд', NULL, NULL, '2008-05-06 03:11:15', '2008-05-06 03:11:15', NULL, 1, 0),
(358, 1990, 98, 518, 0, 326, 489, 'Выезд2', NULL, NULL, '2008-05-06 03:11:15', '2008-05-06 03:11:15', NULL, 1, 0),
(359, 1990, 98, 519, 0, 489, 326, 'Чешу репу', NULL, NULL, '2008-05-06 03:11:16', '2008-05-06 03:11:16', NULL, 1, 0),
(360, 1990, 98, 520, 0, 489, 326, 'Это я', NULL, NULL, '2008-05-06 03:12:45', '2008-05-06 03:12:45', NULL, 1, 0),
(361, 1990, 98, 521, 1, 999, 1344, 'na prirode', NULL, NULL, '2008-05-07 15:59:24', '2008-05-06 03:12:46', NULL, 1, 0),
(362, 1990, 98, 522, 1, 367, 489, 'Косички', NULL, NULL, '2008-05-07 15:58:51', '2008-05-06 03:12:47', NULL, 1, 0),
(363, 1990, 98, 523, 0, 489, 326, 'Перед стартом', NULL, NULL, '2008-05-06 03:14:26', '2008-05-06 03:14:26', NULL, 1, 0),
(364, 1990, 98, 524, 0, 968, 648, 'Биг Фото', NULL, NULL, '2008-05-06 03:15:10', '2008-05-06 03:15:10', NULL, 1, 0),
(365, 1990, 98, 525, 0, 489, 325, 'Виражки', NULL, NULL, '2008-05-06 03:15:10', '2008-05-06 03:15:10', NULL, 1, 0),
(366, 1990, 98, 526, 1, 968, 648, 'Дружеская беседа', NULL, NULL, '2008-05-06 17:36:53', '2008-05-06 03:15:11', NULL, 1, 0),
(367, 1990, 98, 527, 0, 326, 489, 'Кофе', NULL, NULL, '2008-05-06 03:15:12', '2008-05-06 03:15:12', NULL, 1, 0),
(368, 1990, 98, 528, 0, 489, 325, 'Паркинг1', NULL, NULL, '2008-05-06 03:15:12', '2008-05-06 03:15:12', NULL, 1, 0),
(369, 1990, 98, 529, 1, 489, 325, 'танцы шманцы', NULL, NULL, '2008-05-06 17:34:16', '2008-05-06 03:16:10', NULL, 1, 0),
(370, 1990, 98, 530, 0, 489, 326, 'Провокатор', NULL, NULL, '2008-05-06 03:16:11', '2008-05-06 03:16:11', NULL, 1, 0),
(371, 1990, 98, 531, 0, 968, 648, 'Кружка', NULL, NULL, '2008-05-06 03:16:12', '2008-05-06 03:16:11', NULL, 1, 0),
(372, 1990, 98, 532, 0, 489, 326, 'Какая радость', NULL, NULL, '2008-05-06 03:16:14', '2008-05-06 03:16:13', NULL, 1, 0),
(373, 1990, 98, 533, 0, 326, 489, 'Жылетка', NULL, NULL, '2008-05-06 03:16:16', '2008-05-06 03:16:15', NULL, 1, 0),
(374, 405, 20, 534, 3, 375, 500, 'Первомайский отдых)', NULL, NULL, '2008-05-08 12:57:18', '2008-05-06 15:20:16', NULL, 1, 0),
(375, 1992, 79, 553, 3, 709, 945, 'photo13', NULL, NULL, '2008-05-22 21:57:26', '2008-05-07 18:20:26', NULL, 1, 0),
(376, 1992, 79, 554, 5, 921, 860, 'photo14', NULL, NULL, '2008-05-16 22:54:35', '2008-05-07 18:20:26', NULL, 1, 0),
(377, 1946, 100, 556, 0, 1000, 842, 'Развратные', NULL, NULL, '2008-05-07 22:39:14', '2008-05-07 18:59:22', NULL, 1, 0),
(378, 1946, 100, 557, 0, 1000, 750, 'Голды', NULL, NULL, '2008-05-07 22:38:57', '2008-05-07 18:59:23', NULL, 1, 0),
(379, 1946, 100, 558, 0, 2592, 1944, 'Минимото - супермото!!!', NULL, NULL, '2008-05-07 22:42:25', '2008-05-07 18:59:24', NULL, 1, 0),
(380, 1946, 100, 559, 2, 418, 1000, 'В штанах и перчатках', NULL, NULL, '2008-05-07 22:44:31', '2008-05-07 18:59:28', NULL, 1, 0),
(381, 1946, 100, 560, 0, 2391, 1428, 'Black Bull', NULL, NULL, '2008-05-07 22:45:40', '2008-05-07 18:59:29', NULL, 1, 0),
(382, 1946, 100, 561, 0, 2415, 1944, 'Большой и маленький =)', NULL, NULL, '2008-05-07 22:42:11', '2008-05-07 19:13:09', NULL, 1, 0),
(383, 1946, 100, 562, 0, 1944, 2068, 'Конкурс кастомайза', NULL, NULL, '2008-05-07 22:38:25', '2008-05-07 19:14:18', NULL, 1, 0),
(384, 1946, 100, 563, 3, 2097, 1503, 'Девушки', NULL, NULL, '2008-05-07 22:42:49', '2008-05-07 19:14:59', NULL, 1, 0),
(385, 1946, 100, 564, 0, 2592, 1944, 'На скутере', NULL, NULL, '2008-05-07 22:43:39', '2008-05-07 19:15:47', NULL, 1, 0),
(386, 1946, 101, 565, 0, 2048, 1536, 'Трасса', NULL, NULL, '2008-05-07 19:24:00', '2008-05-07 19:24:00', NULL, 1, 0),
(387, 1946, 101, 566, 0, 2048, 1536, 'Катерпиллер', NULL, NULL, '2008-05-07 19:24:02', '2008-05-07 19:24:02', NULL, 1, 0),
(388, 1946, 101, 567, 0, 2048, 1536, 'Трасса 2', NULL, NULL, '2008-05-07 19:24:07', '2008-05-07 19:24:05', NULL, 1, 0),
(389, 1946, 101, 568, 0, 2048, 1536, 'После падения', NULL, NULL, '2008-05-07 19:24:10', '2008-05-07 19:24:09', NULL, 1, 0),
(390, 1946, 101, 569, 0, 2048, 1536, 'Перед стартом', NULL, NULL, '2008-05-07 19:24:13', '2008-05-07 19:24:13', NULL, 1, 0),
(391, 1946, 101, 570, 0, 2048, 1536, 'Ещё Кат', NULL, NULL, '2008-05-07 19:28:15', '2008-05-07 19:28:15', NULL, 1, 0),
(392, 1946, 101, 571, 0, 2048, 1536, 'Мини чемпионы', NULL, NULL, '2008-05-07 19:28:18', '2008-05-07 19:28:18', NULL, 1, 0),
(393, 1946, 101, 572, 0, 2048, 1536, '1', NULL, NULL, '2008-05-07 19:28:20', '2008-05-07 19:28:20', NULL, 1, 0),
(394, 1946, 101, 573, 0, 2048, 1536, 'Фристайлеры', NULL, NULL, '2008-05-07 19:28:23', '2008-05-07 19:28:22', NULL, 1, 0),
(395, 2073, 102, 579, 1, 2272, 1704, 'IMG_0723', NULL, NULL, '2008-05-08 10:15:38', '2008-05-08 07:50:26', NULL, 1, 0),
(396, 1860, 65, 581, 0, 3264, 2448, 'IMG_0498', NULL, NULL, '2008-05-08 12:20:41', '2008-05-08 12:20:41', NULL, 1, 0),
(397, 1860, 65, 582, 0, 3264, 2448, 'IMG_0501', NULL, NULL, '2008-05-08 12:20:47', '2008-05-08 12:20:47', NULL, 1, 0),
(398, 1860, 65, 583, 0, 3264, 2448, 'IMG_0515', NULL, NULL, '2008-05-08 12:20:55', '2008-05-08 12:20:53', NULL, 1, 0),
(399, 1860, 65, 584, 0, 3264, 2448, 'IMG_0516', NULL, NULL, '2008-05-08 12:21:02', '2008-05-08 12:21:01', NULL, 1, 0),
(400, 1860, 65, 585, 3, 3264, 2448, 'картина маслом', NULL, NULL, '2008-05-10 13:29:10', '2008-05-08 12:21:08', NULL, 1, 0),
(401, 405, 20, 587, 0, 2592, 1944, 'Моя красавица)))', NULL, NULL, '2008-05-08 12:57:59', '2008-05-08 12:57:59', NULL, 1, 0),
(403, 405, 20, 589, 2, 1944, 2592, 'Я и моя малышка)', NULL, NULL, '2008-05-12 15:11:44', '2008-05-08 12:58:56', NULL, 1, 0),
(404, 405, 20, 590, 0, 2592, 1944, 'Ещё в салоне)', NULL, NULL, '2008-05-08 12:59:20', '2008-05-08 12:59:20', NULL, 1, 0),
(405, 2042, NULL, 591, 0, 800, 600, '117408197_2', NULL, NULL, '2008-05-08 23:43:56', '2008-05-08 23:43:56', NULL, NULL, 0),
(406, 2042, NULL, 592, 0, 489, 367, '117408197', NULL, NULL, '2008-05-08 23:44:24', '2008-05-08 23:44:24', NULL, NULL, 0),
(407, 2042, NULL, 593, 0, 800, 600, '117408197_2', NULL, NULL, '2008-05-08 23:45:05', '2008-05-08 23:45:05', NULL, NULL, 0),
(408, 1861, 103, 598, 0, 566, 391, 'байк', NULL, NULL, '2008-05-10 14:35:16', '2008-05-10 14:35:16', NULL, 1, 0),
(409, 1861, 103, 599, 0, 768, 1024, 'чайка', NULL, NULL, '2008-05-10 14:35:16', '2008-05-10 14:35:16', NULL, 1, 0),
(410, 1014, 104, 600, 0, 1211, 1269, '1', NULL, NULL, '2008-05-10 17:00:01', '2008-05-10 17:00:01', NULL, 1, 0),
(411, 1344, 107, 602, 5, 2272, 1704, 'Ямашка', NULL, NULL, '2008-05-15 18:16:59', '2008-05-12 21:32:11', NULL, 1, 0),
(412, 1909, NULL, 603, 0, 640, 480, 'моя первая иномарка:)', NULL, NULL, '2008-05-12 22:21:54', '2008-05-12 22:21:54', NULL, NULL, 0),
(413, 1909, NULL, 604, 0, 640, 480, 'бандос', NULL, NULL, '2008-05-12 22:21:54', '2008-05-12 22:21:54', NULL, NULL, 0),
(414, 1909, 108, 605, 0, 640, 480, 'бандос', NULL, NULL, '2008-05-12 22:28:39', '2008-05-12 22:28:39', NULL, 1, 0),
(415, 1909, 108, 606, 0, 480, 640, 'первая иномарка', NULL, NULL, '2008-05-12 22:28:39', '2008-05-12 22:28:39', NULL, 1, 0),
(416, 2031, 109, 607, 0, 604, 453, 'Honda cb400 sfx', NULL, NULL, '2008-05-13 17:23:06', '2008-05-13 17:23:06', NULL, 1, 0),
(417, 2031, 109, 608, 0, 604, 453, 'Урал', NULL, NULL, '2008-05-13 17:23:07', '2008-05-13 17:23:07', NULL, 1, 0),
(418, 2031, 109, 609, 0, 604, 453, 'Минск', NULL, NULL, '2008-05-13 17:23:07', '2008-05-13 17:23:07', NULL, 1, 0),
(419, 2031, 109, 610, 0, 604, 453, 'Минск', NULL, NULL, '2008-05-13 17:23:08', '2008-05-13 17:23:08', NULL, 1, 0),
(420, 2031, 109, 611, 2, 604, 453, 'Птаха', NULL, NULL, '2008-07-09 11:34:47', '2008-05-13 17:23:08', NULL, 1, 0),
(421, 974, 113, 614, 0, 551, 413, 'Я на нем', NULL, NULL, '2008-05-14 11:18:45', '2008-05-14 11:18:45', NULL, 1, 0),
(422, 974, 113, 615, 0, 406, 305, 'он', NULL, NULL, '2008-05-14 11:18:46', '2008-05-14 11:18:46', NULL, 1, 0),
(423, 405, 20, 616, 2, 375, 500, 'В гаражах)', NULL, NULL, '2008-05-15 13:39:23', '2008-05-14 12:47:30', NULL, 1, 0),
(424, 2094, NULL, 621, 0, 1600, 1200, 'Потегаемся?', NULL, NULL, '2008-05-14 22:02:04', '2008-05-14 22:02:04', NULL, NULL, 0),
(425, 2094, NULL, 622, 0, 1600, 1200, ' :)', NULL, NULL, '2008-05-14 22:02:05', '2008-05-14 22:02:05', NULL, NULL, 0),
(426, 2094, NULL, 623, 0, 800, 600, 'Кто там? :)', NULL, NULL, '2008-05-14 22:02:07', '2008-05-14 22:02:07', NULL, NULL, 0),
(427, 2094, NULL, 624, 0, 800, 600, 'Да, я такой!', NULL, NULL, '2008-05-14 22:02:07', '2008-05-14 22:02:07', NULL, NULL, 0),
(428, 2094, NULL, 625, 0, 800, 600, ' :))', NULL, NULL, '2008-05-14 22:02:08', '2008-05-14 22:02:08', NULL, NULL, 0),
(429, 2094, 114, 626, 0, 1600, 1200, '11052008756', NULL, NULL, '2008-05-14 22:07:03', '2008-05-14 22:07:03', NULL, 1, 0),
(430, 2094, 114, 627, 0, 800, 600, '27042008734', NULL, NULL, '2008-05-14 22:07:05', '2008-05-14 22:07:05', NULL, 1, 0),
(431, 2094, 114, 628, 2, 800, 600, '27042008733', NULL, NULL, '2008-05-19 00:03:58', '2008-05-14 22:07:05', NULL, 1, 0),
(432, 2094, 114, 629, 0, 800, 600, '19042008681', NULL, NULL, '2008-05-14 22:07:06', '2008-05-14 22:07:06', NULL, 1, 0),
(433, 2094, 114, 630, 0, 800, 600, '19042008694', NULL, NULL, '2008-05-14 22:07:06', '2008-05-14 22:07:06', NULL, 1, 0),
(434, 799, 115, 632, 0, 960, 1280, 'VFR400R NC30', NULL, NULL, '2008-05-14 23:57:43', '2008-05-14 23:57:43', NULL, 1, 0),
(435, 799, 115, 633, 2, 742, 557, 'в полёте', NULL, NULL, '2008-05-15 15:43:19', '2008-05-14 23:57:44', NULL, 1, 0),
(437, 799, 115, 635, 8, 2592, 1728, 'стоппи на драконе', NULL, NULL, '2008-07-05 06:08:30', '2008-05-14 23:57:46', NULL, 1, 0),
(438, 799, 115, 636, 2, 1024, 768, 'стант)', NULL, NULL, '2008-05-15 15:38:05', '2008-05-14 23:57:50', NULL, 1, 0),
(440, 2094, 114, 656, 10, 1600, 1200, 'Кто на новенького', NULL, NULL, '2008-05-21 19:16:21', '2008-05-16 00:27:43', NULL, 1, 0),
(441, 1032, 116, 661, 9, 1201, 811, 'bikes', NULL, NULL, '2008-05-26 00:26:09', '2008-05-16 11:15:03', NULL, 1, 0),
(442, 1032, 117, 662, 4, 1056, 792, 'Сбор колонны из Херсона', NULL, NULL, '2008-05-26 00:18:04', '2008-05-16 11:34:24', NULL, 1, 0);
INSERT INTO `photos` (`id`, `photos_user_id`, `photos_album_id`, `comment_id`, `num_comments`, `photos_width`, `photos_height`, `photos_title`, `photos_description`, `photos_alt`, `photos_registration_date`, `photos_picture_date`, `photos_order`, `photos_public`, `photos_is_ok`) VALUES
(443, 1032, 117, 663, 0, 1056, 792, 'Утро в лесу', NULL, NULL, '2008-05-16 11:34:24', '2008-05-16 11:34:24', NULL, 1, 0),
(444, 1796, NULL, 669, 0, 1600, 1200, '15052008', NULL, NULL, '2008-05-17 10:53:40', '2008-05-17 10:53:40', NULL, NULL, 0),
(445, 1796, NULL, 670, 0, 1600, 1200, '15052008(001)', NULL, NULL, '2008-05-17 10:53:41', '2008-05-17 10:53:41', NULL, NULL, 0),
(446, 1796, NULL, 671, 0, 1600, 1200, '15052008(002)', NULL, NULL, '2008-05-17 10:53:43', '2008-05-17 10:53:42', NULL, NULL, 0),
(447, 1796, NULL, 672, 0, 1600, 1200, '15052008(003)', NULL, NULL, '2008-05-17 10:53:44', '2008-05-17 10:53:44', NULL, NULL, 0),
(448, 1796, NULL, 673, 0, 1600, 1200, 'Мой))', NULL, NULL, '2008-05-17 10:54:07', '2008-05-17 10:54:07', NULL, NULL, 0),
(449, 1796, NULL, 674, 0, 1600, 1200, '15052008(001)', NULL, NULL, '2008-05-17 10:54:09', '2008-05-17 10:54:08', NULL, NULL, 0),
(450, 1796, NULL, 675, 0, 1600, 1200, '15052008(002)', NULL, NULL, '2008-05-17 10:54:10', '2008-05-17 10:54:10', NULL, NULL, 0),
(451, 1796, NULL, 676, 0, 1600, 1200, '15052008(003)', NULL, NULL, '2008-05-17 10:54:12', '2008-05-17 10:54:12', NULL, NULL, 0),
(452, 1796, 118, 677, 0, 1600, 1200, '15052008', NULL, NULL, '2008-05-17 10:54:51', '2008-05-17 10:54:51', NULL, 1, 0),
(453, 1796, 118, 678, 0, 1600, 1200, '15052008(001)', NULL, NULL, '2008-05-17 10:54:53', '2008-05-17 10:54:53', NULL, 1, 0),
(454, 1796, 118, 679, 0, 1600, 1200, '15052008(002)', NULL, NULL, '2008-05-17 10:55:37', '2008-05-17 10:55:37', NULL, 1, 0),
(455, 1796, 118, 680, 0, 1600, 1200, '15052008(003)', NULL, NULL, '2008-05-17 10:55:38', '2008-05-17 10:55:38', NULL, 1, 0),
(457, 1796, 118, 682, 1, 1600, 1200, '15052008(004)', NULL, NULL, '2008-05-17 11:43:07', '2008-05-17 10:55:41', NULL, 1, 0),
(458, 1796, 118, 683, 1, 1600, 1200, '15052008(005)', NULL, NULL, '2008-05-17 11:42:50', '2008-05-17 10:55:43', NULL, 1, 0),
(459, 2051, 111, 690, 2, 2500, 1723, 'мой пес и Я', NULL, NULL, '2008-05-24 21:45:51', '2008-05-19 00:37:03', NULL, 1, 0),
(460, 2051, 111, 691, 0, 2272, 1704, 'Люблю цвяточки', NULL, NULL, '2008-05-19 00:37:06', '2008-05-19 00:37:06', NULL, 1, 0),
(461, 2051, 111, 692, 0, 1600, 1200, 'у меня тоже байк :)', NULL, NULL, '2008-05-19 00:37:09', '2008-05-19 00:37:09', NULL, 1, 0),
(462, 2051, 111, 693, 0, 1704, 2272, 'Подруга, друг, Я', NULL, NULL, '2008-05-19 00:37:10', '2008-05-19 00:37:10', NULL, 1, 0),
(463, 2051, 111, 694, 0, 2272, 1704, 'охота за луной', NULL, NULL, '2008-05-19 00:37:13', '2008-05-19 00:37:13', NULL, 1, 0),
(464, 1346, 13, 712, 2, 1309, 873, 'все желтое', NULL, NULL, '2008-05-23 22:04:35', '2008-05-23 01:07:25', NULL, 1, 0),
(465, 546, 122, 716, 0, 2304, 3072, 'перекур...', NULL, NULL, '2008-05-24 14:27:04', '2008-05-24 13:36:29', NULL, 1, 0),
(466, 546, 122, 717, 0, 3072, 2304, 'старший выписывает восьмерки', NULL, NULL, '2008-05-24 14:34:21', '2008-05-24 13:42:16', NULL, 1, 0),
(467, 546, 122, 718, 0, 3072, 2304, 'готовимся с сыновьями к выезду', NULL, NULL, '2008-05-24 14:26:22', '2008-05-24 13:44:42', NULL, 1, 0),
(468, 546, 122, 719, 4, 3072, 2304, 'прогулка', NULL, NULL, '2008-05-24 16:05:21', '2008-05-24 14:21:36', NULL, 1, 0),
(469, 546, 122, 720, 0, 3072, 2304, 'выезд на главную', NULL, NULL, '2008-05-24 14:34:41', '2008-05-24 14:29:00', NULL, 1, 0),
(470, 1860, 124, 726, 0, 3264, 2448, '24/05/08 Невский пр спб', NULL, NULL, '2008-05-24 23:27:50', '2008-05-24 23:27:50', NULL, 1, 0),
(471, 1860, 124, 727, 0, 3264, 2448, 'IMG_0901', NULL, NULL, '2008-05-24 23:30:18', '2008-05-24 23:30:18', NULL, 1, 0),
(472, 1860, 124, 728, 3, 3264, 2448, 'IMG_0928', NULL, NULL, '2008-05-29 09:32:06', '2008-05-24 23:33:06', NULL, 1, 0),
(473, 1860, 124, 729, 0, 3264, 2448, 'IMG_0929', NULL, NULL, '2008-05-24 23:35:49', '2008-05-24 23:35:48', NULL, 1, 0),
(474, 1860, 124, 730, 0, 3264, 2448, 'IMG_0936', NULL, NULL, '2008-05-24 23:38:12', '2008-05-24 23:38:12', NULL, 1, 0),
(475, 1860, 124, 731, 0, 3264, 2448, 'IMG_0948', NULL, NULL, '2008-05-24 23:41:11', '2008-05-24 23:41:10', NULL, 1, 0),
(476, 1860, 124, 732, 0, 3264, 2448, 'IMG_0949', NULL, NULL, '2008-05-24 23:43:13', '2008-05-24 23:43:12', NULL, 1, 0),
(477, 1860, 124, 733, 0, 3264, 2448, 'IMG_0891', NULL, NULL, '2008-05-24 23:45:50', '2008-05-24 23:45:50', NULL, 1, 0),
(478, 1860, 124, 735, 6, 3264, 2448, 'IMG_0895', NULL, NULL, '2008-05-29 10:21:26', '2008-05-25 01:29:46', NULL, 1, 0),
(479, 1073, NULL, 736, 0, 2288, 1712, 'P1010086', NULL, NULL, '2008-05-25 10:02:13', '2008-05-25 10:02:13', NULL, NULL, 0),
(480, 1860, 124, 737, 0, 160, 120, 'видео', NULL, NULL, '2008-05-25 10:32:25', '2008-05-25 10:32:25', NULL, 1, 0),
(481, 2051, 125, 743, 6, 500, 374, 'мотоскелет', NULL, NULL, '2008-05-30 22:14:43', '2008-05-26 00:41:37', NULL, 1, 0),
(482, 2051, 125, 744, 0, 2272, 1704, 'мото с пассажиром', NULL, NULL, '2008-05-26 00:41:37', '2008-05-26 00:41:37', NULL, 1, 0),
(483, 2051, 125, 745, 0, 2272, 1704, 'а это мне понравилось', NULL, NULL, '2008-05-26 00:41:39', '2008-05-26 00:41:39', NULL, 1, 0),
(484, 1860, 124, 751, 3, 800, 566, '1211702286', NULL, NULL, '2008-05-27 23:57:54', '2008-05-27 09:37:41', NULL, 1, 0),
(485, 1032, 116, 753, 5, 1056, 792, 'Собрал к сезону ) Осталось еще несколько штрихов, но пока нету времени - езжу так.', NULL, NULL, '2008-05-30 00:01:24', '2008-05-27 12:51:10', NULL, 1, 0),
(486, 2120, NULL, 760, 0, 3072, 2304, 'я', NULL, NULL, '2008-05-28 22:51:45', '2008-05-28 22:51:45', NULL, NULL, 0),
(487, 2120, NULL, 761, 0, 3072, 2304, 'IMG_0684', NULL, NULL, '2008-05-28 22:52:25', '2008-05-28 22:52:25', NULL, NULL, 0),
(488, 1860, 65, 767, 6, 3264, 2448, 'А звук просто песня.....', NULL, NULL, '2008-05-31 00:00:06', '2008-05-29 21:26:19', NULL, 1, 0),
(489, 1860, 65, 776, 4, 430, 399, 'Броня крепка и байки наши быстры', NULL, NULL, '2008-06-01 22:12:22', '2008-05-30 23:55:50', NULL, 1, 0),
(490, 2100, 128, 780, 0, 2304, 3456, 'Урал!', NULL, NULL, '2008-06-01 11:59:36', '2008-06-01 11:59:36', NULL, 1, 0),
(491, 2100, 128, 781, 0, 550, 393, '4615', NULL, NULL, '2008-06-01 11:59:42', '2008-06-01 11:59:42', NULL, 1, 0),
(492, 2100, 128, 782, 0, 3456, 2304, 'IMG_9814', NULL, NULL, '2008-06-01 12:06:17', '2008-06-01 12:06:17', NULL, 1, 0),
(493, 1346, 131, 785, 0, 1024, 525, 'НОВЫЙ Yamaha R1 2009', NULL, NULL, '2008-06-02 15:54:35', '2008-06-02 15:54:35', NULL, 1, 0),
(494, 266, 9, 786, 2, 800, 533, 'Вот так я ее переделала', NULL, NULL, '2008-06-10 21:53:19', '2008-06-04 15:53:42', NULL, 1, 0),
(495, 266, 9, 787, 0, 3296, 2472, 'Моя красавица', NULL, NULL, '2008-06-04 15:53:43', '2008-06-04 15:53:43', NULL, 1, 0),
(496, 266, 9, 788, 0, 600, 450, 'Гыыыыыы Я', NULL, NULL, '2008-06-04 15:53:48', '2008-06-04 15:53:48', NULL, 1, 0),
(497, 2132, 132, 789, 0, 2304, 1296, 'Yamaha Xt 125 x', NULL, NULL, '2008-06-04 19:42:16', '2008-06-04 19:42:16', NULL, 1, 0),
(498, 2132, 132, 790, 2, 2304, 1296, 'Yamaha Xt 125 x(1)', NULL, NULL, '2008-06-29 21:31:46', '2008-06-04 19:42:18', NULL, 1, 0),
(499, 2125, NULL, 791, 0, 2816, 2112, 'IMG_3771', NULL, NULL, '2008-06-06 15:22:45', '2008-06-06 15:22:45', NULL, NULL, 0),
(500, 794, NULL, 792, 0, 2048, 1536, 'DSC00398', NULL, NULL, '2008-06-07 09:28:59', '2008-06-07 09:28:59', NULL, NULL, 0),
(501, 1860, 65, 793, 4, 400, 380, 'new_1100_0b', NULL, NULL, '2008-06-10 21:16:27', '2008-06-07 20:05:11', NULL, 1, 0),
(502, 1344, 133, 795, 1, 593, 462, 'allesandro02', NULL, NULL, '2008-06-09 00:37:29', '2008-06-08 16:58:36', NULL, 1, 0),
(503, 1450, 134, 802, 0, 800, 600, '20', NULL, NULL, '2008-06-11 12:57:44', '2008-06-11 12:57:44', NULL, 1, 0),
(504, 1450, 134, 803, 2, 3264, 2448, 'P5020002', NULL, NULL, '2008-06-29 15:35:31', '2008-06-11 12:57:44', NULL, 1, 0),
(505, 1450, 134, 804, 0, 3264, 2448, 'P5020004', NULL, NULL, '2008-06-11 12:57:51', '2008-06-11 12:57:50', NULL, 1, 0),
(506, 1450, 134, 805, 0, 3264, 2448, 'P5020006', NULL, NULL, '2008-06-11 12:57:57', '2008-06-11 12:57:57', NULL, 1, 0),
(507, 1450, 134, 806, 0, 3264, 2448, 'P5020008', NULL, NULL, '2008-06-11 14:24:10', '2008-06-11 14:24:10', NULL, 1, 0),
(508, 405, 20, 808, 2, 640, 480, '1', NULL, NULL, '2008-06-19 19:49:57', '2008-06-14 21:54:28', NULL, 1, 0),
(509, 2132, 132, 809, 0, 1600, 1200, 'Альпініст', NULL, NULL, '2008-06-19 03:07:14', '2008-06-19 03:07:13', NULL, 1, 0),
(510, 2132, 132, 810, 0, 1200, 1600, 'ВТОРГНЕНЯ (UFO)', NULL, NULL, '2008-07-16 17:53:03', '2008-06-19 03:07:15', NULL, 1, 0),
(511, 2132, 132, 811, 0, 2592, 1944, 'Gilera Runner ', NULL, NULL, '2008-06-19 03:27:03', '2008-06-19 03:27:03', NULL, 1, 0),
(512, 1860, 136, 814, 1, 3648, 2736, 'Ретро', NULL, NULL, '2008-06-29 15:34:18', '2008-06-24 13:03:22', NULL, 1, 0),
(513, 1860, 136, 815, 3, 3648, 2736, 'Bild 041', NULL, NULL, '2008-06-30 19:14:34', '2008-06-24 13:06:11', NULL, 1, 0),
(514, 1860, 136, 816, 2, 3648, 2736, 'Bild 225', NULL, NULL, '2008-06-25 23:10:32', '2008-06-24 13:14:16', NULL, 1, 0),
(515, 1860, 136, 817, 0, 3648, 2736, 'Столько мото это что то', NULL, NULL, '2008-06-24 13:14:23', '2008-06-24 13:14:23', NULL, 1, 0),
(516, 1860, 136, 818, 1, 3648, 2736, 'Bild 227', NULL, NULL, '2008-07-02 22:35:27', '2008-06-24 13:23:16', NULL, 1, 0),
(517, 1860, 136, 819, 0, 3648, 2736, 'г.Lidkoping MC-KONSULT', NULL, NULL, '2008-06-24 13:23:24', '2008-06-24 13:23:23', NULL, 1, 0),
(518, 1860, 136, 820, 2, 3648, 2736, 'Байкер Стокгольма', NULL, NULL, '2008-06-24 16:14:13', '2008-06-24 13:32:44', NULL, 1, 0),
(519, 1860, 136, 821, 0, 3648, 2736, 'Всевидещее око полиции', NULL, NULL, '2008-06-24 13:32:51', '2008-06-24 13:32:51', NULL, 1, 0),
(520, 2165, NULL, 827, 0, 2000, 1329, 'мотофест Челябинск', NULL, NULL, '2008-06-27 08:42:00', '2008-06-27 08:42:00', NULL, NULL, 0),
(521, 1860, 65, 837, 4, 4000, 3000, 'Реанимация', NULL, NULL, '2008-06-30 19:19:59', '2008-06-29 21:44:17', NULL, 1, 0),
(522, 290, 139, 844, 0, 1024, 768, '26', NULL, NULL, '2008-07-01 08:52:26', '2008-07-01 08:52:26', NULL, 1, 0),
(523, 290, 139, 845, 0, 500, 375, '30', NULL, NULL, '2008-07-01 08:52:27', '2008-07-01 08:52:27', NULL, 1, 0),
(524, 290, 139, 846, 2, 500, 375, '31', NULL, NULL, '2008-07-01 22:39:07', '2008-07-01 08:52:27', NULL, 1, 0),
(525, 290, 139, 847, 0, 500, 375, '38', NULL, NULL, '2008-07-01 08:52:27', '2008-07-01 08:52:27', NULL, 1, 0),
(526, 290, 139, 848, 0, 500, 375, '45', NULL, NULL, '2008-07-01 08:52:27', '2008-07-01 08:52:27', NULL, 1, 0),
(527, 290, 139, 849, 0, 500, 375, '44', NULL, NULL, '2008-07-01 08:53:09', '2008-07-01 08:53:09', NULL, 1, 0),
(528, 1355, 140, 853, 0, 1632, 1224, 'DSC08302', NULL, NULL, '2008-07-03 15:56:14', '2008-07-03 15:56:14', NULL, 1, 0),
(529, 1355, 140, 854, 0, 1632, 1224, 'DSC08304', NULL, NULL, '2008-07-03 15:56:16', '2008-07-03 15:56:16', NULL, 1, 0),
(530, 1355, 140, 855, 0, 1632, 1224, 'DSC07717', NULL, NULL, '2008-07-03 15:56:18', '2008-07-03 15:56:18', NULL, 1, 0),
(531, 1355, 140, 856, 0, 1632, 1224, 'DSC07885', NULL, NULL, '2008-07-03 15:56:20', '2008-07-03 15:56:20', NULL, 1, 0),
(532, 1355, 140, 857, 0, 1632, 1224, 'DSC07849', NULL, NULL, '2008-07-03 15:56:22', '2008-07-03 15:56:22', NULL, 1, 0),
(533, 1355, 140, 858, 0, 1632, 1224, 'DSC08338', NULL, NULL, '2008-07-03 16:14:31', '2008-07-03 16:14:31', NULL, 1, 0),
(534, 1355, 140, 859, 0, 1224, 1632, 'DSC07929', NULL, NULL, '2008-07-03 16:14:33', '2008-07-03 16:14:33', NULL, 1, 0),
(535, 1355, 140, 860, 0, 1632, 1224, 'DSC07927', NULL, NULL, '2008-07-03 16:14:35', '2008-07-03 16:14:35', NULL, 1, 0),
(536, 1355, 140, 861, 1, 1632, 1224, 'DSC07614', NULL, NULL, '2008-07-10 09:32:21', '2008-07-03 16:14:36', NULL, 1, 0),
(537, 1355, 140, 862, 0, 1224, 1632, 'DSC07640', NULL, NULL, '2008-07-03 16:14:38', '2008-07-03 16:14:38', NULL, 1, 0),
(538, 799, 115, 863, 0, 866, 957, 'get naked )))', NULL, NULL, '2008-07-03 17:00:14', '2008-07-03 17:00:14', NULL, 1, 0),
(539, 1860, 65, 864, 0, 1408, 1056, '', NULL, NULL, '2008-07-05 00:28:16', '2008-07-05 00:23:24', NULL, 1, 0),
(540, 1860, 65, 865, 0, 1408, 1056, '', NULL, NULL, '2008-07-05 00:27:43', '2008-07-05 00:26:29', NULL, 1, 0),
(541, 2191, 141, 869, 1, 1024, 768, 'Мотолол', NULL, NULL, '2008-07-12 12:48:27', '2008-07-12 12:48:07', NULL, 1, 0),
(542, 1344, 142, 871, 0, 955, 538, 'IMG_0150', NULL, NULL, '2008-07-13 11:28:17', '2008-07-13 11:28:17', NULL, 1, 0),
(543, 1344, 142, 872, 0, 1920, 1080, 'IMG_0210', NULL, NULL, '2008-07-13 11:28:17', '2008-07-13 11:28:17', NULL, 1, 0),
(544, 1344, 142, 873, 0, 1920, 1080, 'IMG_0365', NULL, NULL, '2008-07-13 11:28:19', '2008-07-13 11:28:19', NULL, 1, 0),
(545, 1344, 142, 874, 0, 959, 540, 'Segway', NULL, NULL, '2008-07-13 11:28:21', '2008-07-13 11:28:21', NULL, 1, 0),
(554, 1344, 142, 883, 0, 1920, 1080, 'выход из шпильки', NULL, NULL, '2008-07-13 11:36:29', '2008-07-13 11:36:29', NULL, 1, 0),
(555, 1344, 142, 884, 0, 1920, 1080, 'награждение', NULL, NULL, '2008-07-13 11:36:48', '2008-07-13 11:36:48', NULL, 1, 0),
(557, 1860, NULL, 886, 0, 0, 0, 'Noname', NULL, NULL, '2008-07-13 18:23:07', '2008-07-13 18:23:07', NULL, NULL, 0),
(558, 1860, NULL, 887, 0, 0, 0, 'Noname', NULL, NULL, '2008-07-13 18:23:07', '2008-07-13 18:23:07', NULL, NULL, 0),
(559, 1860, NULL, 888, 0, 0, 0, 'Noname', NULL, NULL, '2008-07-13 18:23:07', '2008-07-13 18:23:07', NULL, NULL, 0),
(560, 1860, NULL, 889, 0, 0, 0, 'Noname', NULL, NULL, '2008-07-13 18:23:07', '2008-07-13 18:23:07', NULL, NULL, 0),
(561, 1860, NULL, 890, 0, 0, 0, 'Noname', NULL, NULL, '2008-07-13 18:23:07', '2008-07-13 18:23:07', NULL, NULL, 0),
(562, 1860, 65, 891, 0, 3648, 2736, 'IMG_2114', NULL, NULL, '2008-07-13 18:31:39', '2008-07-13 18:31:39', NULL, 1, 0),
(563, 1860, 65, 892, 0, 3648, 2736, 'IMG_2109', NULL, NULL, '2008-07-13 18:33:22', '2008-07-13 18:33:22', NULL, 1, 0),
(564, 1860, 65, 893, 0, 3648, 2736, 'IMG_2107', NULL, NULL, '2008-07-13 18:35:30', '2008-07-13 18:35:30', NULL, 1, 0),
(565, 1860, 65, 894, 0, 3648, 2736, 'IMG_2103', NULL, NULL, '2008-07-13 18:37:53', '2008-07-13 18:37:53', NULL, 1, 0),
(566, 1344, 142, 895, 0, 1920, 1080, 'IMG_0202', NULL, NULL, '2008-07-14 14:57:27', '2008-07-14 14:57:27', NULL, 1, 0),
(567, 1344, 142, 896, 0, 1920, 1080, 'IMG_0215', NULL, NULL, '2008-07-14 14:57:29', '2008-07-14 14:57:29', NULL, 1, 0),
(568, 1344, 142, 897, 0, 1920, 1080, 'IMG_0221', NULL, NULL, '2008-07-14 14:57:30', '2008-07-14 14:57:30', NULL, 1, 0),
(569, 1344, 142, 898, 0, 1920, 1080, 'IMG_0218', NULL, NULL, '2008-07-14 15:11:02', '2008-07-14 15:11:02', NULL, 1, 0),
(570, 1344, 142, 899, 0, 1920, 1080, 'IMG_0214', NULL, NULL, '2008-07-14 15:11:04', '2008-07-14 15:11:04', NULL, 1, 0),
(571, 2137, 143, 900, 0, 2816, 2112, 'IMG_1851', NULL, NULL, '2008-07-14 21:46:40', '2008-07-14 21:46:40', NULL, 1, 0),
(572, 2137, 143, 901, 2, 2816, 2112, 'IMG_1855', NULL, NULL, '2008-07-16 17:01:19', '2008-07-14 21:46:44', NULL, 1, 0),
(573, 2137, 143, 902, 1, 2048, 1536, 'DSC01085', NULL, NULL, '2008-07-14 21:51:21', '2008-07-14 21:46:48', NULL, 1, 0),
(574, 514, NULL, 905, 0, 650, 488, ' на байк-шоу', NULL, NULL, '2008-07-14 21:54:06', '2008-07-14 21:54:06', NULL, NULL, 0),
(575, 2137, 143, 906, 0, 2048, 1536, 'Сайбис', NULL, NULL, '2008-07-14 22:44:22', '2008-07-14 22:44:22', NULL, 1, 0),
(576, 2137, 143, 907, 0, 2816, 2112, 'Пирогово-пляж', NULL, NULL, '2008-07-14 22:44:25', '2008-07-14 22:44:25', NULL, 1, 0),
(577, 1344, 142, 908, 0, 1920, 1080, 'С 3-го этапа ШКМГ', NULL, NULL, '2008-07-15 22:35:16', '2008-07-15 22:35:16', NULL, 1, 0),
(578, 1344, 142, 909, 0, 1920, 1080, 'ШКМГ', NULL, NULL, '2008-07-15 22:35:18', '2008-07-15 22:35:17', NULL, 1, 0),
(579, 1344, 142, 910, 0, 1920, 1080, 'в Мячково', NULL, NULL, '2008-07-15 22:35:19', '2008-07-15 22:35:19', NULL, 1, 0),
(580, 2132, 145, 912, 0, 1365, 910, '1', NULL, NULL, '2008-07-16 18:12:23', '2008-07-16 18:12:23', NULL, 1, 0),
(581, 2132, 145, 913, 0, 1365, 910, '2', NULL, NULL, '2008-07-16 18:12:24', '2008-07-16 18:12:24', NULL, 1, 0),
(582, 2132, 145, 914, 0, 1365, 910, '3', NULL, NULL, '2008-07-16 18:12:25', '2008-07-16 18:12:25', NULL, 1, 0),
(583, 2132, 145, 915, 0, 1365, 910, '4', NULL, NULL, '2008-07-16 18:12:26', '2008-07-16 18:12:26', NULL, 1, 0),
(584, 2132, 145, 916, 0, 910, 1365, '5', NULL, NULL, '2008-07-16 18:12:27', '2008-07-16 18:12:27', NULL, 1, 0),
(585, 2132, 145, 917, 1, 910, 1365, '6', NULL, NULL, '2008-07-23 12:36:35', '2008-07-16 18:24:22', NULL, 1, 0),
(586, 2132, 145, 918, 0, 1365, 910, '7', NULL, NULL, '2008-07-16 18:24:23', '2008-07-16 18:24:23', NULL, 1, 0),
(587, 2132, 145, 919, 0, 1365, 910, '8', NULL, NULL, '2008-07-16 18:24:24', '2008-07-16 18:24:24', NULL, 1, 0),
(588, 2132, 145, 920, 0, 1365, 910, '9', NULL, NULL, '2008-07-16 18:24:25', '2008-07-16 18:24:25', NULL, 1, 0),
(589, 2132, 145, 921, 0, 1365, 910, '10', NULL, NULL, '2008-07-16 18:24:26', '2008-07-16 18:24:26', NULL, 1, 0),
(590, 1344, 147, 923, 0, 1440, 1080, 'Дрифтринг в Лужниках', NULL, NULL, '2008-07-26 20:15:23', '2008-07-26 20:11:04', NULL, 1, 0),
(591, 1344, 147, 924, 0, 1920, 1080, 'Дрифтинг в Лужниках', NULL, NULL, '2008-07-26 20:15:33', '2008-07-26 20:11:06', NULL, 1, 0),
(592, 1344, 147, 925, 0, 1440, 1080, 'Мотофристайл в Лужниках', NULL, NULL, '2008-07-26 20:15:50', '2008-07-26 20:11:10', NULL, 1, 0),
(593, 1344, 147, 926, 0, 1440, 1080, 'Мотофристайл в Лужниках', NULL, NULL, '2008-07-26 20:16:01', '2008-07-26 20:11:13', NULL, 1, 0),
(594, 2204, NULL, 927, 0, 1600, 1200, 'IMG_0186', NULL, NULL, '2008-07-26 21:03:50', '2008-07-26 21:03:50', NULL, NULL, 0),
(595, 2204, NULL, 928, 0, 1600, 1200, 'IMG_0188', NULL, NULL, '2008-07-26 21:03:51', '2008-07-26 21:03:51', NULL, NULL, 0),
(596, 2204, NULL, 929, 0, 1600, 1200, 'IMG_0191', NULL, NULL, '2008-07-26 21:03:53', '2008-07-26 21:03:53', NULL, NULL, 0),
(597, 2204, NULL, 930, 0, 1600, 1200, 'IMG_0192', NULL, NULL, '2008-07-26 21:03:55', '2008-07-26 21:03:55', NULL, NULL, 0),
(598, 1860, 65, 931, 0, 399, 539, '7c2bfb019e13221e79a5431844f1ff0b', NULL, NULL, '2008-07-27 00:45:13', '2008-07-27 00:45:13', NULL, 1, 0),
(599, 1344, 147, 932, 0, 1440, 1080, 'Drift', NULL, NULL, '2008-07-27 12:11:06', '2008-07-27 12:11:06', NULL, 1, 0),
(600, 1344, 147, 933, 0, 1440, 1080, 'Drift', NULL, NULL, '2008-07-27 12:11:08', '2008-07-27 12:11:08', NULL, 1, 0),
(601, 1344, 147, 934, 0, 1439, 1079, 'Дрифт', NULL, NULL, '2008-07-27 12:11:09', '2008-07-27 12:11:09', NULL, 1, 0),
(602, 1344, 147, 935, 0, 1440, 1080, 'Разминка', NULL, NULL, '2008-07-27 12:11:10', '2008-07-27 12:11:10', NULL, 1, 0),
(603, 1344, 147, 936, 0, 1440, 1080, 'FERZ', NULL, NULL, '2008-07-27 12:11:59', '2008-07-27 12:11:35', NULL, 1, 0),
(604, 1344, 147, 937, 0, 1440, 1080, 'Денис Шапов', NULL, NULL, '2008-07-27 12:12:18', '2008-07-27 12:11:36', NULL, 1, 0),
(605, 2204, NULL, 938, 0, 1600, 1200, 'IMG_0186', NULL, NULL, '2008-07-27 22:35:54', '2008-07-27 22:35:54', NULL, NULL, 0),
(606, 2204, NULL, 939, 0, 1600, 1200, 'IMG_0187', NULL, NULL, '2008-07-27 22:35:55', '2008-07-27 22:35:55', NULL, NULL, 0),
(607, 2204, NULL, 940, 0, 1600, 1200, 'IMG_0192', NULL, NULL, '2008-07-27 22:35:57', '2008-07-27 22:35:57', NULL, NULL, 0),
(608, 2217, 148, 941, 0, 1024, 768, 'P1180497', NULL, NULL, '2008-07-30 13:53:54', '2008-07-30 13:53:54', NULL, 1, 0),
(609, 2217, 148, 942, 1, 1600, 1200, 'IMG_1906', NULL, NULL, '2008-08-01 16:53:42', '2008-07-30 13:53:55', NULL, 1, 0),
(610, 2217, 148, 943, 1, 1600, 1200, 'IMG_1836', NULL, NULL, '2008-07-30 15:35:33', '2008-07-30 13:53:56', NULL, 1, 0),
(611, 1860, 65, 945, 0, 604, 453, 'x_2cc42a31', NULL, NULL, '2008-07-31 01:16:23', '2008-07-31 01:16:23', NULL, 1, 0),
(612, 1344, 133, 947, 2, 700, 466, 'Кто любит мотофристайл?', NULL, NULL, '2008-08-07 00:14:30', '2008-08-02 19:08:45', NULL, 1, 0),
(613, 1860, 65, 949, 1, 604, 457, 'x_ba097164', NULL, NULL, '2008-08-06 18:04:53', '2008-08-03 18:25:21', NULL, 1, 0),
(614, 1346, 149, 950, 0, 500, 333, 'в процессе', NULL, NULL, '2008-08-03 19:21:05', '2008-08-03 19:20:03', NULL, 1, 0),
(615, 1346, 149, 951, 0, 500, 375, 'морда под замену', NULL, NULL, '2008-08-03 19:21:20', '2008-08-03 19:20:28', NULL, 1, 0),
(616, 1346, 149, 952, 0, 1280, 960, 'Ямахататуууу', NULL, NULL, '2008-08-03 19:21:38', '2008-08-03 19:20:36', NULL, 1, 0),
(617, 40, 150, 955, 0, 856, 525, 'Arianna2', NULL, NULL, '2011-12-21 18:05:44', '2011-12-21 18:05:44', NULL, 1, 0),
(618, 40, 150, 956, 1, 704, 896, 'Bowpeep2', NULL, NULL, '2011-12-21 18:05:55', '2011-12-21 18:05:45', NULL, 1, 0);

-- --------------------------------------------------------

--
-- Структура таблицы `photos__votings`
--

CREATE TABLE IF NOT EXISTS `photos__votings` (
  `user_id` int(11) DEFAULT NULL,
  `photos_id` int(11) DEFAULT NULL
) ENGINE=MyISAM DEFAULT CHARSET=utf8;

-- --------------------------------------------------------

--
-- Структура таблицы `user`
--

CREATE TABLE IF NOT EXISTS `user` (
  `id` int(11) NOT NULL AUTO_INCREMENT,
  `login` varchar(150) NOT NULL,
  `pass` varchar(32) NOT NULL,
  `nikname` varchar(150) DEFAULT NULL,
  `firstname` varchar(50) DEFAULT NULL,
  `lastname` varchar(50) DEFAULT NULL,
  `middlename` varchar(150) DEFAULT NULL,
  `admin` enum('0','1','2') NOT NULL DEFAULT '0',
  `autohouse` enum('0','1') NOT NULL DEFAULT '0',
  `view_as` enum('1','2') DEFAULT '1',
  `gender` varchar(10) DEFAULT NULL,
  `birthday` timestamp NULL DEFAULT NULL,
  `birthday_private` tinyint(4) NOT NULL,
  `profit_id` int(11) DEFAULT NULL,
  `register_date` timestamp NOT NULL DEFAULT '0000-00-00 00:00:00',
  `register_code` varchar(50) DEFAULT NULL,
  `intro` text,
  `post` varchar(150) DEFAULT NULL,
  `icq` varchar(10) DEFAULT NULL,
  `skype` varchar(25) DEFAULT NULL,
  `msn` varchar(25) DEFAULT NULL,
  `livejournal` varchar(50) DEFAULT NULL,
  `homepage` varchar(100) DEFAULT NULL,
  `phone` varchar(20) DEFAULT NULL,
  `company` varchar(150) DEFAULT NULL,
  `status` varchar(20) DEFAULT NULL,
  `last_access` timestamp NOT NULL DEFAULT CURRENT_TIMESTAMP,
  `city_id` int(11) DEFAULT NULL,
  `metro_id` int(11) DEFAULT NULL,
  `latitude` float(9,5) DEFAULT '0.00000',
  `longitude` float(9,5) DEFAULT '0.00000',
  `zoom` int(11) DEFAULT NULL,
  `street` varchar(100) DEFAULT NULL,
  `build` varchar(50) DEFAULT NULL,
  `apartment` varchar(15) DEFAULT NULL,
  `comment_id` int(11) unsigned DEFAULT NULL,
  `num_comments` int(11) unsigned DEFAULT '0',
  `experience` tinyint(4) DEFAULT NULL,
  `bike_id` int(10) unsigned DEFAULT NULL,
  PRIMARY KEY (`id`),
  KEY `bike_id` (`bike_id`),
  KEY `city_id` (`city_id`),
  KEY `metro_id` (`metro_id`)
) ENGINE=MyISAM  DEFAULT CHARSET=utf8 AVG_ROW_LENGTH=190 AUTO_INCREMENT=2234 ;

--
-- Дамп данных таблицы `user`
--

INSERT INTO `user` (`id`, `login`, `pass`, `nikname`, `firstname`, `lastname`, `middlename`, `admin`, `autohouse`, `view_as`, `gender`, `birthday`, `birthday_private`, `profit_id`, `register_date`, `register_code`, `intro`, `post`, `icq`, `skype`, `msn`, `livejournal`, `homepage`, `phone`, `company`, `status`, `last_access`, `city_id`, `metro_id`, `latitude`, `longitude`, `zoom`, `street`, `build`, `apartment`, `comment_id`, `num_comments`, `experience`, `bike_id`) VALUES
(1, 'freezip@gmail.com', 'c8837b23ff8aaa8a2dde915473ce0991', 'LAN', '', '', '', '2', '0', NULL, 'male', '2008-06-25 23:00:00', 1, 29, '2011-01-09 23:03:55', '', '', '', '', '', '', '', '', '', '', 'active', '2011-08-05 15:47:08', 76, 1, 55.75139, 37.61556, 17, 'Мотоциклистов', '', '', 7, 0, NULL, 4385),
(4, 'masterjus@gmail.com', 'c8837b23ff8aaa8a2dde915473ce0991', 'Jus', '', '', '', '1', '0', '2', 'male', '1982-02-28 22:00:00', 0, 0, '2011-04-02 03:21:11', NULL, 'Это я. Такой красивый и упитанный. А дальше идет длинный-длинный предлинный текст, который уже в принципе должел быть закончен, но он продолжается и продолжается.', '', '111444796', 'eugene.kirdzei', '', '', '', '', '', 'active', '2011-08-05 22:28:09', 258, 0, 53.87702, 27.43286, 12, '', '', '', 3, 0, NULL, NULL),
(7, 'masterjuss@gmail.com', 'c8837b23ff8aaa8a2dde915473ce0991', 'Juss', NULL, '', NULL, '0', '0', '1', 'male', '1990-01-29 01:00:00', 0, NULL, '2011-04-03 02:55:35', NULL, NULL, NULL, NULL, NULL, NULL, NULL, NULL, NULL, NULL, 'active', '2011-04-03 02:55:35', NULL, NULL, 0.00000, 0.00000, NULL, NULL, NULL, NULL, 4, 0, NULL, NULL),
(40, 'konan.com@gmail.com', 'c8837b23ff8aaa8a2dde915473ce0991', 'konan', 'Доткомыч', 'Алексей', '', '2', '1', NULL, 'male', '2011-11-02 22:00:00', 0, 0, '2011-12-29 07:56:45', 'QNy3ZyDEtpQqlx7YamAB682oQNs6BupWeKFw7xzrXepRYNWBzb', 'фыафывфыыфаыфваыва ыфваыф ыфва фываф фыав ', '', '', '', '', '', '', '', '', 'active', '2011-12-22 17:17:50', 258, NULL, 53.95609, 27.55371, 5, '', '', '', 10, 0, NULL, 1),
(60, 'pavel.astro@gmail.com', 'c8837b23ff8aaa8a2dde915473ce0991', 'PhotoMoto', '', 'Павел', '', '', '0', NULL, 'male', '1987-04-16 23:00:00', 0, 14, '2011-02-25 20:05:31', 'PbV8USdd9uyade5yCxc9JwHp2ugPcnTw7BUgZYNYZzHGyZmYiA', '', 'Учредитель', '333814213', '', '', '', 'temptation-light.ru', '', 'Temlight', 'active', '2011-04-17 15:01:10', 76, 100, 55.74584, 37.78812, 15, 'Перовская', '49/53', '', NULL, 0, NULL, NULL),
(61, 'horal@tut.by', 'c8837b23ff8aaa8a2dde915473ce0991', 'LAB', NULL, NULL, NULL, '', '0', NULL, 'male', '2008-04-01 02:10:14', 1, NULL, '2011-02-25 20:12:01', '7AcecBRLN2LoFBs42qihtdvyrZYNsKYbwyKvga6oNCHkNCTFqB', NULL, NULL, NULL, NULL, NULL, NULL, NULL, NULL, NULL, 'active', '2011-02-25 20:12:01', 1, 1, 0.00000, 0.00000, NULL, NULL, NULL, NULL, NULL, 0, 0, NULL),
(2224, 'rushin@pisem.net', 'c8837b23ff8aaa8a2dde915473ce0991', 'rushin', 'Лужной', ' Роман', '', '', '0', NULL, 'male', '1991-06-12 23:00:00', 1, 0, '2011-08-03 23:16:53', 'cuUYw7xsb2N6dKoA7AzwueHBfrk4MsEiQgbVLJgCLok6BJ7jS7', '', '', '342715', '', '', '', '', '', '', 'active', '2011-08-03 23:41:02', 128, NULL, 0.00000, 0.00000, 5, '', '', '', 2791, NULL, NULL, NULL),
(2225, 'el@in-time.ru', 'c8837b23ff8aaa8a2dde915473ce0991', 'Ginger', NULL, NULL, NULL, '', '0', NULL, 'female', '1982-10-07 23:00:00', 0, NULL, '2011-08-04 11:00:13', 'wfpqGHgExxuyRkPAenpfLm6qVjHMSEQWuhEb4MBPx9tNn2AubG', NULL, NULL, NULL, NULL, NULL, NULL, NULL, NULL, NULL, 'active', '2011-08-04 11:01:40', 76, 0, 0.00000, 0.00000, NULL, NULL, NULL, NULL, NULL, NULL, NULL, 5325),
(2226, 'lisa-angel08@rambler.ru', 'c8837b23ff8aaa8a2dde915473ce0991', 'lisa-angei08', NULL, NULL, NULL, '', '0', NULL, 'female', '1973-04-23 23:00:00', 0, NULL, '2011-08-05 14:46:10', '2dNov6uQR9aNVtgJQljPb5T54gdWcwcHtrqJRJDKizhjzu5QsE', NULL, NULL, NULL, NULL, NULL, NULL, NULL, NULL, NULL, 'active', '2011-08-05 14:59:18', 107, NULL, 0.00000, 0.00000, NULL, NULL, NULL, NULL, 2795, NULL, 0, NULL),
(2227, 'svetavoik@mail.ru', 'c8837b23ff8aaa8a2dde915473ce0991', 'SvoLoCh', NULL, NULL, NULL, '', '0', NULL, 'female', '1990-09-05 23:00:00', 1, NULL, '2011-08-05 21:34:33', 'XTVDJmog7WgZeq4sovy3yjRbjFHWEpplvDYJ3rag2YPWPT3C6C', NULL, NULL, NULL, NULL, NULL, NULL, NULL, NULL, NULL, 'active', '2011-08-05 21:38:10', 76, 72, 0.00000, 0.00000, NULL, NULL, NULL, NULL, 2796, NULL, 0, NULL),
(2228, 'andrey_shishkin@list.ru', 'c8837b23ff8aaa8a2dde915473ce0991', 'VS800', NULL, NULL, NULL, '', '0', NULL, 'male', '1977-04-18 23:00:00', 0, NULL, '2011-08-06 20:34:54', 'jmGnyNTjLbxBBxfY53dkFYHLR3up8qFwW53JEbyMHRFLMaNfhJ', NULL, NULL, NULL, NULL, NULL, NULL, NULL, NULL, NULL, 'active', '2011-08-06 20:48:31', 128, 0, 0.00000, 0.00000, NULL, NULL, NULL, NULL, NULL, NULL, NULL, 2700),
(2229, 'konan1.com@gmail.com', 'c8837b23ff8aaa8a2dde915473ce0991', 'slauta', NULL, NULL, NULL, '0', '0', NULL, 'male', '1992-12-31 22:00:00', 0, NULL, '2011-12-22 19:44:29', 'HFScnuQsgLZwXMTpLs3olE36SvbQgbSPeNM9nuei8dh3Xpmceh', NULL, NULL, NULL, NULL, NULL, NULL, NULL, NULL, NULL, 'pending', '2011-12-22 18:44:29', 258, NULL, 55.73948, 37.62817, NULL, NULL, NULL, NULL, 2799, NULL, NULL, NULL),
(2230, 'a@a.a', 'c8837b23ff8aaa8a2dde915473ce0991', 'slauta1', NULL, NULL, NULL, '', '0', NULL, 'male', '1990-01-28 22:00:00', 1, NULL, '2011-12-22 19:49:38', '5UZwej7oKZUCcW7ky9ZvQrfjV57ZSTVCJTQsEZuFVC2YoFt2PC', NULL, NULL, NULL, NULL, NULL, NULL, NULL, NULL, NULL, 'pending', '2011-12-22 18:49:38', 176, 0, 55.73948, 37.62817, NULL, NULL, NULL, NULL, 2801, NULL, 0, NULL),
(2232, 'admin@admin.admin', 'c8837b23ff8aaa8a2dde915473ce0991', 'slauta2', NULL, NULL, NULL, '', '0', NULL, NULL, '0000-00-00 00:00:00', 1, NULL, '2012-01-31 16:48:32', 'HTbTsJv2HtcSuUrZU4jThFDKXNv4brKVFMHmnXYd3ocycXFRu4', NULL, NULL, NULL, NULL, NULL, NULL, NULL, NULL, NULL, 'pending', '2012-01-31 15:48:32', 258, NULL, 55.73948, 37.62817, NULL, NULL, NULL, NULL, NULL, NULL, NULL, NULL),
(2233, 'admin1@admin.admin', 'c8837b23ff8aaa8a2dde915473ce0991', 'slauta3', NULL, NULL, NULL, '', '0', NULL, NULL, '0000-00-00 00:00:00', 1, NULL, '2012-01-31 16:51:20', 'mjPtmaJa3EHWQT7clDpqHXndVDJwTYd4BEQdGKg8N5LRQjSsrD', NULL, NULL, NULL, NULL, NULL, NULL, NULL, NULL, NULL, 'active', '2012-01-31 15:51:20', 258, NULL, 55.73948, 37.62817, NULL, NULL, NULL, NULL, NULL, 0, NULL, NULL);

-- --------------------------------------------------------

--
-- Структура таблицы `user__avatars`
--

CREATE TABLE IF NOT EXISTS `user__avatars` (
  `id` int(11) unsigned NOT NULL AUTO_INCREMENT,
  `user_id` int(11) unsigned NOT NULL,
  `bydefault` tinyint(1) unsigned NOT NULL DEFAULT '0',
  PRIMARY KEY (`id`),
  KEY `avatars_user` (`user_id`)
) ENGINE=MyISAM  DEFAULT CHARSET=utf8 AUTO_INCREMENT=299 ;

--
-- Дамп данных таблицы `user__avatars`
--

INSERT INTO `user__avatars` (`id`, `user_id`, `bydefault`) VALUES
(3, 1344, 1),
(4, 1346, 1),
(5, 1396, 1),
(6, 664, 1),
(7, 1192, 0),
(8, 1192, 0),
(9, 1192, 0),
(10, 1192, 0),
(11, 1192, 0),
(13, 582, 1),
(14, 582, 0),
(15, 538, 1),
(16, 698, 0),
(17, 986, 0),
(18, 1208, 1),
(19, 402, 0),
(25, 589, 1),
(26, 998, 1),
(27, 708, 1),
(28, 1411, 0),
(29, 1411, 0),
(30, 437, 1),
(31, 1301, 1),
(33, 986, 0),
(34, 986, 1),
(35, 986, 0),
(36, 986, 0),
(37, 819, 0),
(38, 819, 0),
(39, 819, 0),
(40, 819, 1),
(44, 392, 0),
(45, 392, 0),
(46, 392, 1),
(47, 1192, 1),
(48, 1195, 1),
(53, 771, 1),
(58, 405, 1),
(59, 681, 0),
(60, 681, 0),
(61, 681, 0),
(62, 805, 0),
(63, 805, 0),
(64, 1263, 1),
(68, 1437, 1),
(71, 1014, 0),
(72, 241, 1),
(73, 1228, 0),
(74, 1228, 1),
(78, 1327, 1),
(79, 890, 1),
(80, 1171, 0),
(81, 890, 0),
(82, 890, 0),
(83, 964, 1),
(84, 1312, 1),
(85, 988, 0),
(86, 988, 0),
(88, 744, 1),
(89, 782, 1),
(90, 1813, 0),
(91, 1014, 0),
(92, 278, 1),
(93, 1807, 0),
(94, 1394, 0),
(95, 1394, 0),
(96, 1394, 0),
(97, 698, 1),
(100, 698, 0),
(102, 698, 0),
(103, 362, 1),
(104, 1, 0),
(105, 1014, 0),
(106, 1857, 1),
(107, 1985, 1),
(108, 1912, 0),
(113, 2024, 1),
(114, 1832, 1),
(115, 1865, 0),
(116, 1865, 0),
(117, 1865, 0),
(118, 1895, 1),
(119, 1865, 0),
(120, 1865, 0),
(121, 1865, 0),
(122, 1865, 0),
(123, 2039, 1),
(124, 1891, 0),
(125, 1891, 0),
(126, 1891, 0),
(127, 1891, 0),
(128, 1891, 1),
(129, 613, 1),
(131, 1865, 0),
(133, 1860, 1),
(134, 2048, 1),
(135, 2051, 1),
(138, 2052, 1),
(139, 2053, 1),
(145, 2053, 0),
(147, 2056, 1),
(148, 2047, 0),
(149, 2066, 1),
(150, 1990, 1),
(151, 1992, 1),
(152, 1946, 0),
(153, 1946, 0),
(155, 1946, 1),
(158, 2012, 1),
(159, 2012, 0),
(160, 1014, 0),
(161, 1014, 0),
(162, 1014, 1),
(163, 2089, 0),
(164, 2089, 0),
(167, 2089, 0),
(168, 2089, 0),
(169, 2089, 0),
(170, 2089, 1),
(171, 2031, 1),
(173, 2079, 1),
(174, 799, 0),
(178, 1973, 1),
(181, 2094, 1),
(184, 1796, 0),
(185, 1796, 0),
(186, 1796, 0),
(187, 1796, 0),
(188, 1796, 1),
(190, 1023, 1),
(191, 984, 1),
(192, 2103, 0),
(193, 2047, 0),
(194, 2047, 0),
(195, 2103, 0),
(196, 2103, 1),
(197, 2120, 0),
(198, 2123, 0),
(199, 2123, 0),
(200, 2123, 0),
(201, 2123, 0),
(202, 2123, 0),
(203, 2123, 0),
(204, 2123, 0),
(205, 2129, 1),
(206, 266, 1),
(208, 4, 0),
(209, 1251, 0),
(210, 1087, 0),
(211, 1087, 0),
(212, 1087, 0),
(214, 2125, 0),
(215, 2125, 0),
(216, 2125, 0),
(217, 2125, 0),
(218, 2125, 1),
(219, 2148, 1),
(221, 2149, 0),
(223, 2149, 0),
(224, 2149, 1),
(225, 2155, 0),
(226, 739, 1),
(227, 1902, 1),
(228, 1902, 0),
(229, 2123, 0),
(230, 2123, 1),
(231, 2064, 0),
(232, 2064, 0),
(233, 2064, 0),
(234, 2064, 0),
(235, 2064, 1),
(236, 991, 1),
(237, 514, 0),
(239, 1104, 0),
(240, 1104, 1),
(241, 2163, 1),
(242, 4, 1),
(243, 2166, 1),
(244, 1820, 0),
(245, 1820, 0),
(246, 1820, 0),
(247, 1820, 0),
(248, 1820, 0),
(249, 2173, 1),
(250, 2174, 0),
(251, 1355, 0),
(252, 1355, 0),
(253, 1355, 0),
(254, 1355, 0),
(255, 1355, 0),
(256, 1355, 0),
(257, 1355, 0),
(258, 1355, 1),
(259, 2178, 1),
(260, 2178, 0),
(261, 2178, 0),
(263, 2182, 0),
(264, 2182, 1),
(265, 2184, 1),
(267, 2196, 1),
(268, 2204, 1),
(269, 488, 0),
(270, 488, 0),
(271, 2136, 1),
(272, 2206, 0),
(273, 2206, 0),
(274, 2206, 0),
(275, 2206, 0),
(276, 2206, 0),
(277, 2206, 0),
(278, 2206, 0),
(279, 2206, 0),
(280, 2206, 0),
(281, 2206, 0),
(284, 2206, 1),
(285, 2208, 1),
(286, 2210, 0),
(287, 2210, 0),
(288, 2174, 0),
(289, 2174, 1),
(290, 2104, 1),
(291, 1087, 0),
(292, 1087, 0),
(293, 1087, 1),
(294, 2223, 1),
(295, 2224, 1),
(296, 2228, 1),
(297, 40, 0),
(298, 40, 0);

-- --------------------------------------------------------

--
-- Структура таблицы `user__contacts`
--

CREATE TABLE IF NOT EXISTS `user__contacts` (
  `id` int(11) NOT NULL AUTO_INCREMENT,
  `user_id` int(11) NOT NULL,
  `skype` varchar(50) DEFAULT NULL,
  `icq` varchar(20) DEFAULT NULL,
  `msn` varchar(20) DEFAULT NULL,
  `livejournal` varchar(50) DEFAULT NULL,
  `homepage` varchar(150) DEFAULT NULL,
  `phone` varchar(20) DEFAULT NULL,
  PRIMARY KEY (`id`)
) ENGINE=MyISAM DEFAULT CHARSET=utf8 AUTO_INCREMENT=1 ;

-- --------------------------------------------------------

--
-- Структура таблицы `user__friends`
--

CREATE TABLE IF NOT EXISTS `user__friends` (
  `user_id` int(11) unsigned DEFAULT NULL,
  `friend_id` int(11) unsigned DEFAULT NULL,
  `created` datetime NOT NULL,
  UNIQUE KEY `uniq user_friend` (`user_id`,`friend_id`),
  KEY `friend_id` (`friend_id`),
  KEY `user_id` (`user_id`)
) ENGINE=MyISAM DEFAULT CHARSET=utf8;

--
-- Дамп данных таблицы `user__friends`
--

INSERT INTO `user__friends` (`user_id`, `friend_id`, `created`) VALUES
(4, 1344, '2008-05-13 02:16:11'),
(998, 574, '2008-05-06 01:41:12'),
(998, 1209, '2008-05-06 01:41:12'),
(1344, 538, '2008-05-06 01:41:11'),
(1344, 1346, '2008-05-06 02:12:21'),
(2039, 574, '2008-05-06 01:41:12'),
(2039, 998, '2008-05-06 01:41:12'),
(2039, 1209, '2008-05-06 01:41:12'),
(2066, 2061, '2008-05-06 01:41:12');

-- --------------------------------------------------------

--
-- Структура таблицы `user__friends_requests`
--

CREATE TABLE IF NOT EXISTS `user__friends_requests` (
  `id` int(11) NOT NULL AUTO_INCREMENT,
  `sender_id` int(11) unsigned NOT NULL,
  `recipient_id` int(11) unsigned NOT NULL,
  `request_date` timestamp NOT NULL DEFAULT CURRENT_TIMESTAMP ON UPDATE CURRENT_TIMESTAMP,
  PRIMARY KEY (`id`)
) ENGINE=MyISAM  DEFAULT CHARSET=utf8 AUTO_INCREMENT=5 ;

--
-- Дамп данных таблицы `user__friends_requests`
--

INSERT INTO `user__friends_requests` (`id`, `sender_id`, `recipient_id`, `request_date`) VALUES
(2, 40, 1021, '2008-05-12 01:06:54'),
(3, 4, 1965, '2008-05-12 13:46:41'),
(4, 1992, 2064, '2008-07-14 09:53:28');

-- --------------------------------------------------------

--
-- Структура таблицы `user__mail`
--

CREATE TABLE IF NOT EXISTS `user__mail` (
  `pk` int(11) NOT NULL AUTO_INCREMENT,
  `user_id` int(11) DEFAULT NULL,
  `is_sent` tinyint(4) DEFAULT NULL,
  PRIMARY KEY (`pk`)
) ENGINE=MyISAM  DEFAULT CHARSET=utf8 AUTO_INCREMENT=1139 ;

--
-- Дамп данных таблицы `user__mail`
--

INSERT INTO `user__mail` (`pk`, `user_id`, `is_sent`) VALUES
(1, 1, 1),
(2, 1346, 1),
(3, 1344, 1),
(4, 1, 1),
(5, 1, 1),
(6, 1346, 1),
(7, 1344, 1),
(8, 1396, 1),
(9, 254, 1),
(10, 254, 1),
(11, 60, 1),
(12, 253, 1),
(13, 829, 1),
(14, 440, 1),
(15, 1309, 1),
(16, 917, 1),
(17, 531, 1),
(18, 1394, 1),
(19, 1003, 1),
(20, 618, 1),
(21, 1085, 1),
(22, 710, 1),
(23, 316, 1),
(24, 1169, 1),
(25, 793, 1),
(26, 402, 1),
(27, 1259, 1),
(28, 867, 1),
(29, 486, 1),
(30, 1349, 1),
(31, 961, 1),
(32, 575, 1),
(33, 1040, 1),
(34, 665, 1),
(35, 277, 1),
(36, 1127, 1),
(37, 751, 1),
(38, 360, 1),
(39, 1217, 1),
(40, 365, 1),
(41, 1224, 1),
(42, 836, 1),
(43, 449, 1),
(44, 1314, 1),
(45, 922, 1),
(46, 538, 1),
(47, 1009, 1),
(48, 625, 1),
(49, 1092, 1),
(50, 718, 1),
(51, 323, 1),
(52, 1177, 1),
(53, 798, 1),
(54, 408, 1),
(55, 1266, 1),
(56, 873, 1),
(57, 492, 1),
(58, 1356, 1),
(59, 968, 1),
(60, 582, 1),
(61, 1047, 1),
(62, 671, 1),
(63, 284, 1),
(64, 1134, 1),
(65, 760, 1),
(66, 291, 1),
(67, 1141, 1),
(68, 765, 1),
(69, 372, 1),
(70, 1231, 1),
(71, 842, 1),
(72, 456, 1),
(73, 1321, 1),
(74, 932, 1),
(75, 543, 1),
(76, 1014, 1),
(77, 630, 1),
(78, 40, 1),
(79, 1097, 1),
(80, 724, 1),
(81, 332, 1),
(82, 1184, 1),
(83, 804, 1),
(84, 416, 1),
(85, 1276, 1),
(86, 884, 1),
(87, 499, 1),
(88, 1364, 1),
(89, 976, 1),
(90, 589, 1),
(91, 1052, 1),
(92, 679, 1),
(93, 1061, 1),
(94, 684, 1),
(95, 296, 1),
(96, 1147, 1),
(97, 771, 1),
(98, 381, 1),
(99, 1238, 1),
(100, 847, 1),
(101, 465, 1),
(102, 1327, 1),
(103, 937, 1),
(104, 549, 1),
(105, 1019, 1),
(106, 638, 1),
(107, 242, 1),
(108, 1102, 1),
(109, 731, 1),
(110, 338, 1),
(111, 1193, 1),
(112, 809, 1),
(113, 423, 1),
(114, 1283, 1),
(115, 893, 1),
(116, 506, 1),
(117, 1371, 1),
(118, 983, 1),
(119, 595, 1),
(120, 603, 1),
(121, 1067, 1),
(122, 690, 1),
(123, 303, 1),
(124, 1153, 1),
(125, 778, 1),
(126, 386, 1),
(127, 1244, 1),
(128, 853, 1),
(129, 473, 1),
(130, 1335, 1),
(131, 945, 1),
(132, 554, 1),
(133, 1024, 1),
(134, 650, 1),
(135, 1108, 1),
(136, 736, 1),
(137, 343, 1),
(138, 1200, 1),
(139, 815, 1),
(140, 428, 1),
(141, 1290, 1),
(142, 899, 1),
(143, 511, 1),
(144, 1378, 1),
(145, 990, 1),
(146, 519, 1),
(147, 1384, 1),
(148, 995, 1),
(149, 608, 1),
(150, 1074, 1),
(151, 698, 1),
(152, 309, 1),
(153, 1161, 1),
(154, 783, 1),
(155, 392, 1),
(156, 1251, 1),
(157, 858, 1),
(158, 478, 1),
(159, 1342, 1),
(160, 951, 1),
(161, 561, 1),
(162, 1032, 1),
(163, 656, 1),
(164, 265, 1),
(165, 1114, 1),
(166, 742, 1),
(167, 349, 1),
(168, 1205, 1),
(169, 821, 1),
(170, 433, 1),
(171, 1298, 1),
(172, 906, 1),
(173, 438, 1),
(174, 1307, 1),
(175, 915, 1),
(176, 527, 1),
(177, 1389, 1),
(178, 1001, 1),
(179, 616, 1),
(180, 1081, 1),
(181, 705, 1),
(182, 314, 1),
(183, 1167, 1),
(184, 790, 1),
(185, 399, 1),
(186, 1257, 1),
(187, 863, 1),
(188, 483, 1),
(189, 958, 1),
(190, 571, 1),
(191, 1038, 1),
(192, 663, 1),
(193, 274, 1),
(194, 1125, 1),
(195, 749, 1),
(196, 357, 1),
(197, 1213, 1),
(198, 826, 1),
(199, 1222, 1),
(200, 833, 1),
(201, 447, 1),
(202, 1312, 1),
(203, 920, 1),
(204, 535, 1),
(205, 1397, 1),
(206, 1007, 1),
(207, 623, 1),
(208, 1089, 1),
(209, 714, 1),
(210, 321, 1),
(211, 1173, 1),
(212, 796, 1),
(213, 406, 1),
(214, 1263, 1),
(215, 871, 1),
(216, 490, 1),
(217, 1353, 1),
(218, 965, 1),
(219, 579, 1),
(220, 1045, 1),
(221, 668, 1),
(222, 281, 1),
(223, 1131, 1),
(224, 758, 1),
(225, 363, 1),
(226, 763, 1),
(227, 370, 1),
(228, 1228, 1),
(229, 840, 1),
(230, 454, 1),
(231, 1318, 1),
(232, 926, 1),
(233, 541, 1),
(234, 1012, 1),
(235, 628, 1),
(236, 4, 1),
(237, 1095, 1),
(238, 721, 1),
(239, 327, 1),
(240, 1180, 1),
(241, 801, 1),
(242, 413, 1),
(243, 1272, 1),
(244, 882, 1),
(245, 497, 1),
(246, 1362, 1),
(247, 972, 1),
(248, 585, 1),
(249, 1050, 1),
(250, 675, 1),
(251, 288, 1),
(252, 1138, 1),
(253, 682, 1),
(254, 294, 1),
(255, 1144, 1),
(256, 769, 1),
(257, 377, 1),
(258, 1234, 1),
(259, 845, 1),
(260, 461, 1),
(261, 1324, 1),
(262, 935, 1),
(263, 546, 1),
(264, 1017, 1),
(265, 635, 1),
(266, 240, 1),
(267, 1100, 1),
(268, 728, 1),
(269, 336, 1),
(270, 1189, 1),
(271, 807, 1),
(272, 420, 1),
(273, 1281, 1),
(274, 890, 1),
(275, 503, 1),
(276, 1369, 1),
(277, 980, 1),
(278, 593, 1),
(279, 1056, 1),
(280, 599, 1),
(281, 1065, 1),
(282, 687, 1),
(283, 299, 1),
(284, 1151, 1),
(285, 776, 1),
(286, 384, 1),
(287, 1241, 1),
(288, 851, 1),
(289, 470, 1),
(290, 1331, 1),
(291, 942, 1),
(292, 552, 1),
(293, 1022, 1),
(294, 645, 1),
(295, 1105, 1),
(296, 734, 1),
(297, 341, 1),
(298, 1198, 1),
(299, 813, 1),
(300, 426, 1),
(301, 1288, 1),
(302, 896, 1),
(303, 509, 1),
(304, 1374, 1),
(305, 986, 1),
(306, 1382, 1),
(307, 993, 1),
(308, 606, 1),
(309, 1070, 1),
(310, 693, 1),
(311, 307, 1),
(312, 1159, 1),
(313, 781, 1),
(314, 389, 1),
(315, 1249, 1),
(316, 856, 1),
(317, 476, 1),
(318, 1339, 1),
(319, 949, 1),
(320, 559, 1),
(321, 1029, 1),
(322, 654, 1),
(323, 258, 1),
(324, 1111, 1),
(325, 739, 1),
(326, 347, 1),
(327, 1203, 1),
(328, 819, 1),
(329, 431, 1),
(330, 1296, 1),
(331, 904, 1),
(332, 516, 1),
(333, 913, 1),
(334, 523, 1),
(335, 1387, 1),
(336, 999, 1),
(337, 612, 1),
(338, 1079, 1),
(339, 701, 1),
(340, 312, 1),
(341, 1164, 1),
(342, 787, 1),
(343, 397, 1),
(344, 1254, 1),
(345, 861, 1),
(346, 481, 1),
(347, 956, 1),
(348, 567, 1),
(349, 1036, 1),
(350, 661, 1),
(351, 270, 1),
(352, 1122, 1),
(353, 746, 1),
(354, 355, 1),
(355, 1211, 1),
(356, 824, 1),
(357, 436, 1),
(358, 1302, 1),
(359, 830, 1),
(360, 442, 1),
(361, 1310, 1),
(362, 918, 1),
(363, 532, 1),
(364, 1395, 1),
(365, 1004, 1),
(366, 619, 1),
(367, 1087, 1),
(368, 711, 1),
(369, 317, 1),
(370, 1170, 1),
(371, 794, 1),
(372, 404, 1),
(373, 1260, 1),
(374, 868, 1),
(375, 488, 1),
(376, 1351, 1),
(377, 962, 1),
(378, 576, 1),
(379, 1042, 1),
(380, 666, 1),
(381, 278, 1),
(382, 1128, 1),
(383, 756, 1),
(384, 361, 1),
(385, 1219, 1),
(386, 761, 1),
(387, 367, 1),
(388, 1226, 1),
(389, 837, 1),
(390, 450, 1),
(391, 1316, 1),
(392, 924, 1),
(393, 539, 1),
(394, 1010, 1),
(395, 626, 1),
(396, 1093, 1),
(397, 719, 1),
(398, 324, 1),
(399, 1178, 1),
(400, 799, 1),
(401, 409, 1),
(402, 1267, 1),
(403, 875, 1),
(404, 493, 1),
(405, 1357, 1),
(406, 970, 1),
(407, 583, 1),
(408, 1048, 1),
(409, 673, 1),
(410, 286, 1),
(411, 1136, 1),
(412, 292, 1),
(413, 1142, 1),
(414, 766, 1),
(415, 374, 1),
(416, 1232, 1),
(417, 843, 1),
(418, 459, 1),
(419, 1322, 1),
(420, 933, 1),
(421, 544, 1),
(422, 1015, 1),
(423, 631, 1),
(424, 1098, 1),
(425, 726, 1),
(426, 333, 1),
(427, 1186, 1),
(428, 805, 1),
(429, 417, 1),
(430, 1279, 1),
(431, 885, 1),
(432, 500, 1),
(433, 1365, 1),
(434, 977, 1),
(435, 590, 1),
(436, 1054, 1),
(437, 680, 1),
(438, 1063, 1),
(439, 685, 1),
(440, 297, 1),
(441, 1149, 1),
(442, 772, 1),
(443, 382, 1),
(444, 1239, 1),
(445, 848, 1),
(446, 466, 1),
(447, 1328, 1),
(448, 938, 1),
(449, 550, 1),
(450, 1020, 1),
(451, 639, 1),
(452, 246, 1),
(453, 1103, 1),
(454, 732, 1),
(455, 339, 1),
(456, 1194, 1),
(457, 810, 1),
(458, 424, 1),
(459, 1284, 1),
(460, 894, 1),
(461, 507, 1),
(462, 1372, 1),
(463, 984, 1),
(464, 596, 1),
(465, 991, 1),
(466, 604, 1),
(467, 1068, 1),
(468, 691, 1),
(469, 304, 1),
(470, 1155, 1),
(471, 779, 1),
(472, 387, 1),
(473, 1247, 1),
(474, 854, 1),
(475, 474, 1),
(476, 1336, 1),
(477, 947, 1),
(478, 556, 1),
(479, 1025, 1),
(480, 651, 1),
(481, 255, 1),
(482, 1109, 1),
(483, 737, 1),
(484, 344, 1),
(485, 1201, 1),
(486, 816, 1),
(487, 429, 1),
(488, 1291, 1),
(489, 900, 1),
(490, 514, 1),
(491, 1379, 1),
(492, 521, 1),
(493, 1385, 1),
(494, 996, 1),
(495, 609, 1),
(496, 1076, 1),
(497, 699, 1),
(498, 310, 1),
(499, 1162, 1),
(500, 784, 1),
(501, 393, 1),
(502, 1252, 1),
(503, 859, 1),
(504, 479, 1),
(505, 1343, 1),
(506, 954, 1),
(507, 563, 1),
(508, 1033, 1),
(509, 657, 1),
(510, 266, 1),
(511, 1116, 1),
(512, 744, 1),
(513, 351, 1),
(514, 1208, 1),
(515, 822, 1),
(516, 434, 1),
(517, 1299, 1),
(518, 908, 1),
(519, 439, 1),
(520, 1308, 1),
(521, 916, 1),
(522, 530, 1),
(523, 1393, 1),
(524, 1002, 1),
(525, 617, 1),
(526, 1083, 1),
(527, 708, 1),
(528, 315, 1),
(529, 1168, 1),
(530, 792, 1),
(531, 401, 1),
(532, 1258, 1),
(533, 866, 1),
(534, 484, 1),
(535, 960, 1),
(536, 574, 1),
(537, 1039, 1),
(538, 664, 1),
(539, 275, 1),
(540, 1126, 1),
(541, 750, 1),
(542, 358, 1),
(543, 1216, 1),
(544, 828, 1),
(545, 364, 1),
(546, 1223, 1),
(547, 834, 1),
(548, 448, 1),
(549, 1313, 1),
(550, 921, 1),
(551, 537, 1),
(552, 1398, 1),
(553, 1008, 1),
(554, 624, 1),
(555, 1090, 1),
(556, 716, 1),
(557, 322, 1),
(558, 1176, 1),
(559, 797, 1),
(560, 407, 1),
(561, 1265, 1),
(562, 872, 1),
(563, 491, 1),
(564, 1355, 1),
(565, 967, 1),
(566, 581, 1),
(567, 1046, 1),
(568, 670, 1),
(569, 282, 1),
(570, 1132, 1),
(571, 759, 1),
(572, 1139, 1),
(573, 764, 1),
(574, 371, 1),
(575, 1230, 1),
(576, 841, 1),
(577, 455, 1),
(578, 1320, 1),
(579, 931, 1),
(580, 542, 1),
(581, 1013, 1),
(582, 629, 1),
(583, 7, 1),
(584, 1096, 1),
(585, 723, 1),
(586, 328, 1),
(587, 1182, 1),
(588, 803, 1),
(589, 415, 1),
(590, 1275, 1),
(591, 883, 1),
(592, 498, 1),
(593, 1363, 1),
(594, 974, 1),
(595, 587, 1),
(596, 1051, 1),
(597, 676, 1),
(598, 290, 1),
(599, 683, 1),
(600, 295, 1),
(601, 1145, 1),
(602, 770, 1),
(603, 379, 1),
(604, 1235, 1),
(605, 846, 1),
(606, 462, 1),
(607, 1325, 1),
(608, 936, 1),
(609, 548, 1),
(610, 1018, 1),
(611, 637, 1),
(612, 241, 1),
(613, 1101, 1),
(614, 730, 1),
(615, 337, 1),
(616, 1192, 1),
(617, 808, 1),
(618, 422, 1),
(619, 1282, 1),
(620, 892, 1),
(621, 505, 1),
(622, 1370, 1),
(623, 981, 1),
(624, 594, 1),
(625, 1057, 1),
(626, 600, 1),
(627, 1066, 1),
(628, 689, 1),
(629, 300, 1),
(630, 1152, 1),
(631, 777, 1),
(632, 385, 1),
(633, 1242, 1),
(634, 852, 1),
(635, 471, 1),
(636, 1333, 1),
(637, 944, 1),
(638, 553, 1),
(639, 1023, 1),
(640, 647, 1),
(641, 1106, 1),
(642, 735, 1),
(643, 342, 1),
(644, 1199, 1),
(645, 814, 1),
(646, 427, 1),
(647, 1289, 1),
(648, 898, 1),
(649, 510, 1),
(650, 1376, 1),
(651, 988, 1),
(652, 517, 1),
(653, 1383, 1),
(654, 994, 1),
(655, 607, 1),
(656, 1073, 1),
(657, 695, 1),
(658, 308, 1),
(659, 1160, 1),
(660, 782, 1),
(661, 390, 1),
(662, 1250, 1),
(663, 857, 1),
(664, 477, 1),
(665, 1341, 1),
(666, 560, 1),
(667, 1030, 1),
(668, 655, 1),
(669, 259, 1),
(670, 1112, 1),
(671, 740, 1),
(672, 348, 1),
(673, 1204, 1),
(674, 820, 1),
(675, 432, 1),
(676, 1297, 1),
(677, 905, 1),
(678, 1303, 1),
(679, 914, 1),
(680, 525, 1),
(681, 1388, 1),
(682, 1000, 1),
(683, 613, 1),
(684, 1080, 1),
(685, 702, 1),
(686, 313, 1),
(687, 1165, 1),
(688, 789, 1),
(689, 398, 1),
(690, 1255, 1),
(691, 862, 1),
(692, 482, 1),
(693, 1345, 1),
(694, 957, 1),
(695, 570, 1),
(696, 1037, 1),
(697, 662, 1),
(698, 271, 1),
(699, 1124, 1),
(700, 747, 1),
(701, 356, 1),
(702, 1212, 1),
(703, 825, 1),
(704, 437, 1),
(705, 831, 1),
(706, 445, 1),
(707, 1311, 1),
(708, 919, 1),
(709, 533, 1),
(710, 1005, 1),
(711, 622, 1),
(712, 1088, 1),
(713, 713, 1),
(714, 320, 1),
(715, 1171, 1),
(716, 795, 1),
(717, 405, 1),
(718, 1261, 1),
(719, 869, 1),
(720, 489, 1),
(721, 1352, 1),
(722, 964, 1),
(723, 577, 1),
(724, 1043, 1),
(725, 667, 1),
(726, 279, 1),
(727, 1129, 1),
(728, 757, 1),
(729, 362, 1),
(730, 1220, 1),
(731, 762, 1),
(732, 368, 1),
(733, 1227, 1),
(734, 838, 1),
(735, 453, 1),
(736, 1317, 1),
(737, 925, 1),
(738, 540, 1),
(739, 1011, 1),
(740, 627, 1),
(741, 1094, 1),
(742, 720, 1),
(743, 325, 1),
(744, 1179, 1),
(745, 800, 1),
(746, 411, 1),
(747, 1270, 1),
(748, 877, 1),
(749, 495, 1),
(750, 1358, 1),
(751, 971, 1),
(752, 584, 1),
(753, 1049, 1),
(754, 674, 1),
(755, 287, 1),
(756, 1137, 1),
(757, 681, 1),
(758, 293, 1),
(759, 1143, 1),
(760, 767, 1),
(761, 375, 1),
(762, 1233, 1),
(763, 844, 1),
(764, 460, 1),
(765, 1323, 1),
(766, 934, 1),
(767, 545, 1),
(768, 1016, 1),
(769, 634, 1),
(770, 1099, 1),
(771, 727, 1),
(772, 335, 1),
(773, 1188, 1),
(774, 806, 1),
(775, 418, 1),
(776, 1280, 1),
(777, 887, 1),
(778, 501, 1),
(779, 1368, 1),
(780, 978, 1),
(781, 591, 1),
(782, 1055, 1),
(783, 1064, 1),
(784, 686, 1),
(785, 298, 1),
(786, 1150, 1),
(787, 773, 1),
(788, 383, 1),
(789, 1240, 1),
(790, 849, 1),
(791, 469, 1),
(792, 1330, 1),
(793, 941, 1),
(794, 551, 1),
(795, 1021, 1),
(796, 640, 1),
(797, 251, 1),
(798, 1104, 1),
(799, 733, 1),
(800, 340, 1),
(801, 1195, 1),
(802, 812, 1),
(803, 425, 1),
(804, 1285, 1),
(805, 895, 1),
(806, 508, 1),
(807, 1373, 1),
(808, 985, 1),
(809, 597, 1),
(810, 992, 1),
(811, 605, 1),
(812, 1069, 1),
(813, 692, 1),
(814, 305, 1),
(815, 1156, 1),
(816, 780, 1),
(817, 388, 1),
(818, 1248, 1),
(819, 855, 1),
(820, 475, 1),
(821, 1338, 1),
(822, 948, 1),
(823, 558, 1),
(824, 1028, 1),
(825, 652, 1),
(826, 256, 1),
(827, 1110, 1),
(828, 738, 1),
(829, 346, 1),
(830, 1202, 1),
(831, 818, 1),
(832, 430, 1),
(833, 1292, 1),
(834, 901, 1),
(835, 515, 1),
(836, 1380, 1),
(837, 912, 1),
(838, 522, 1),
(839, 1386, 1),
(840, 998, 1),
(841, 610, 1),
(842, 1077, 1),
(843, 700, 1),
(844, 311, 1),
(845, 1163, 1),
(846, 785, 1),
(847, 395, 1),
(848, 1253, 1),
(849, 860, 1),
(850, 480, 1),
(851, 955, 1),
(852, 566, 1),
(853, 1035, 1),
(854, 659, 1),
(855, 268, 1),
(856, 1121, 1),
(857, 745, 1),
(858, 353, 1),
(859, 1209, 1),
(860, 823, 1),
(861, 435, 1),
(862, 1301, 1),
(863, 1399, 1),
(864, 1402, 1),
(865, 1401, 1),
(866, 1407, 1),
(867, 1408, 1),
(868, 1406, 1),
(869, 1411, 1),
(870, 1437, 1),
(871, 1448, 1),
(872, 1444, 1),
(873, 1450, 1),
(874, 1455, 1),
(875, 1415, 1),
(876, 1761, 1),
(877, 1768, 1),
(878, 1423, 1),
(879, 1431, 1),
(880, 1412, 1),
(881, 1759, 1),
(882, 1765, 1),
(883, 1421, 1),
(884, 1427, 1),
(885, 1446, 1),
(886, 1451, 1),
(887, 1410, 1),
(888, 1757, 1),
(889, 1416, 1),
(890, 1762, 1),
(891, 1425, 1),
(892, 1433, 1),
(893, 1443, 1),
(894, 1449, 1),
(895, 1454, 1),
(896, 1414, 1),
(897, 1760, 1),
(898, 1767, 1),
(899, 1422, 1),
(900, 1430, 1),
(901, 1438, 1),
(902, 1447, 1),
(903, 1403, 1),
(904, 1452, 1),
(905, 1758, 1),
(906, 1763, 1),
(907, 1420, 1),
(908, 1426, 1),
(909, 1434, 1),
(910, 1769, 1),
(911, 950, 1),
(912, 1828, 1),
(913, 1792, 1),
(914, 1807, 1),
(915, 1813, 1),
(916, 1775, 1),
(917, 1821, 1),
(918, 1783, 1),
(919, 1790, 1),
(920, 1804, 1),
(921, 1811, 1),
(922, 1819, 1),
(923, 1781, 1),
(924, 1824, 1),
(925, 1794, 1),
(926, 1770, 1),
(927, 1786, 1),
(928, 1791, 1),
(929, 1797, 1),
(930, 1799, 1),
(931, 1829, 1),
(932, 1809, 1),
(933, 1812, 1),
(934, 1789, 1),
(935, 1453, 1),
(936, 1838, 1),
(937, 1782, 1),
(938, 1837, 1),
(939, 1801, 1),
(940, 1839, 1),
(941, 1842, 1),
(942, 1346, 1),
(943, 1877, 1),
(944, 1949, 1),
(945, 2015, 1),
(946, 1897, 1),
(947, 1968, 1),
(948, 2034, 1),
(949, 1917, 1),
(950, 1989, 1),
(951, 1774, 1),
(952, 1870, 1),
(953, 1942, 1),
(954, 2008, 1),
(955, 1800, 1),
(956, 1890, 1),
(957, 1961, 1),
(958, 2027, 1),
(959, 1982, 1),
(960, 1910, 1),
(961, 1863, 1),
(962, 1934, 1),
(963, 2001, 1),
(964, 1882, 1),
(965, 1954, 1),
(966, 2020, 1),
(967, 1902, 1),
(968, 1973, 1),
(969, 1853, 1),
(970, 1926, 1),
(971, 1994, 1),
(972, 1875, 1),
(973, 1947, 1),
(974, 2013, 1),
(975, 1895, 1),
(976, 1966, 1),
(977, 2032, 1),
(978, 1915, 1),
(979, 1987, 1),
(980, 1771, 1),
(981, 1868, 1),
(982, 1940, 1),
(983, 2006, 1),
(984, 1888, 1),
(985, 1959, 1),
(986, 2025, 1),
(987, 1980, 1),
(988, 1827, 1),
(989, 1908, 1),
(990, 1860, 1),
(991, 1932, 1),
(992, 1999, 1),
(993, 1880, 1),
(994, 1952, 1),
(995, 2018, 1),
(996, 1814, 1),
(997, 1900, 1),
(998, 1971, 1),
(999, 1849, 1),
(1000, 1921, 1),
(1001, 1992, 1),
(1002, 1779, 1),
(1003, 1873, 1),
(1004, 1945, 1),
(1005, 2011, 1),
(1006, 1805, 1),
(1007, 1893, 1),
(1008, 1964, 1),
(1009, 2030, 1),
(1010, 1985, 1),
(1011, 1836, 1),
(1012, 1913, 1),
(1013, 1866, 1),
(1014, 1938, 1),
(1015, 2004, 1),
(1016, 1795, 1),
(1017, 1885, 1),
(1018, 1957, 1),
(1019, 2023, 1),
(1020, 1906, 1),
(1021, 1977, 1),
(1022, 1857, 1),
(1023, 1929, 1),
(1024, 1997, 1),
(1025, 1787, 1),
(1026, 1878, 1),
(1027, 1950, 1),
(1028, 2016, 1),
(1029, 1898, 1),
(1030, 1969, 1),
(1031, 1918, 1),
(1032, 1990, 1),
(1033, 1843, 1),
(1034, 1871, 1),
(1035, 1943, 1),
(1036, 2009, 1),
(1037, 1891, 1),
(1038, 1962, 1),
(1039, 2028, 1),
(1040, 1983, 1),
(1041, 1832, 1),
(1042, 1911, 1),
(1043, 1864, 1),
(1044, 1935, 1),
(1045, 2002, 1),
(1046, 1883, 1),
(1047, 1955, 1),
(1048, 2021, 1),
(1049, 1820, 1),
(1050, 1904, 1),
(1051, 1975, 1),
(1052, 1854, 1),
(1053, 1927, 1),
(1054, 1995, 1),
(1055, 1876, 1),
(1056, 1948, 1),
(1057, 2014, 1),
(1058, 1810, 1),
(1059, 1896, 1),
(1060, 1967, 1),
(1061, 2033, 1),
(1062, 1916, 1),
(1063, 1988, 1),
(1064, 1773, 1),
(1065, 1869, 1),
(1066, 1941, 1),
(1067, 2007, 1),
(1068, 1889, 1),
(1069, 1960, 1),
(1070, 2026, 1),
(1071, 1981, 1),
(1072, 1439, 1),
(1073, 1909, 1),
(1074, 1861, 1),
(1075, 1933, 1),
(1076, 2000, 1),
(1077, 1881, 1),
(1078, 1953, 1),
(1079, 2019, 1),
(1080, 1817, 1),
(1081, 1901, 1),
(1082, 1972, 1),
(1083, 1852, 1),
(1084, 1925, 1),
(1085, 1993, 1),
(1086, 1874, 1),
(1087, 1946, 1),
(1088, 2012, 1),
(1089, 1894, 1),
(1090, 1965, 1),
(1091, 2031, 1),
(1092, 1914, 1),
(1093, 1986, 1),
(1094, 1867, 1),
(1095, 1939, 1),
(1096, 2005, 1),
(1097, 1796, 1),
(1098, 1886, 1),
(1099, 1958, 1),
(1100, 2024, 1),
(1101, 1825, 1),
(1102, 1907, 1),
(1103, 1978, 1),
(1104, 1858, 1),
(1105, 1930, 1),
(1106, 1998, 1),
(1107, 1788, 1),
(1108, 1879, 1),
(1109, 1951, 1),
(1110, 2017, 1),
(1111, 1899, 1),
(1112, 1970, 1),
(1113, 1919, 1),
(1114, 1991, 1),
(1115, 1845, 1),
(1116, 1776, 1),
(1117, 1872, 1),
(1118, 1944, 1),
(1119, 2010, 1),
(1120, 1892, 1),
(1121, 1963, 1),
(1122, 2029, 1),
(1123, 1984, 1),
(1124, 1835, 1),
(1125, 1912, 1),
(1126, 1865, 1),
(1127, 1936, 1),
(1128, 2003, 1),
(1129, 1884, 1),
(1130, 1956, 1),
(1131, 2022, 1),
(1132, 1905, 1),
(1133, 1976, 1),
(1134, 1856, 1),
(1135, 1928, 1),
(1136, 1996, 1),
(1137, 2045, 1),
(1138, 254, 1);

-- --------------------------------------------------------

--
-- Структура таблицы `user__profit`
--

CREATE TABLE IF NOT EXISTS `user__profit` (
  `id` int(11) NOT NULL AUTO_INCREMENT,
  `profit_group_id` int(11) NOT NULL,
  `name` text NOT NULL,
  PRIMARY KEY (`id`)
) ENGINE=MyISAM  DEFAULT CHARSET=utf8 AUTO_INCREMENT=110 ;

--
-- Дамп данных таблицы `user__profit`
--

INSERT INTO `user__profit` (`id`, `profit_group_id`, `name`) VALUES
(1, 1, 'Компьютерные системы / сети'),
(2, 1, 'Программное обеспечение'),
(3, 1, 'Телекоммуникации'),
(4, 2, ''),
(5, 3, 'Военная служба / Охрана правопорядка'),
(6, 3, 'Законодательство'),
(7, 3, 'Исполнительная структура / Правительство'),
(8, 3, 'Политическая организация'),
(9, 3, 'Суды'),
(11, 4, 'Кино / Анимация'),
(12, 4, 'Музеи / Учреждения культуры'),
(13, 4, 'Музыка'),
(14, 4, 'Фотография'),
(15, 5, 'HR: агентство по подбору персонала'),
(16, 5, 'HR: прямой работодатель'),
(17, 5, 'IT консультирование'),
(18, 5, 'Административный персонал'),
(19, 5, 'Охрана / Безопасность'),
(20, 5, 'Подбор высшего руководства'),
(21, 5, 'Управленческое консультирование'),
(22, 6, 'PR'),
(23, 6, 'Маркетинг / Исследования'),
(24, 6, 'Реклама'),
(25, 7, 'Online издания'),
(26, 7, 'Издательское дело / Полиграфия'),
(27, 7, 'Пресса'),
(28, 7, 'Радио'),
(29, 7, 'Телевидение'),
(30, 8, 'Биотехнологии'),
(31, 8, 'Больницы / Стационарное лечение'),
(32, 8, 'Ветеринария'),
(33, 8, 'Медицинское оборудование'),
(34, 8, 'Поликлиническая служба'),
(35, 8, 'Стоматология'),
(36, 8, 'Фармацевтика'),
(37, 10, 'Благотворительные организации'),
(38, 10, 'Исследования / Программы развития'),
(39, 10, 'Религиозные организации'),
(40, 11, 'Воспитание детей / Дошкольная подготовка'),
(41, 11, 'Высшее / профессиональное образование'),
(42, 11, 'Дополнительные образовательные услуги'),
(43, 11, 'Наука / Исследования'),
(44, 11, 'Среднее / специальное образование'),
(45, 12, 'Нефть / Газ'),
(46, 12, 'Руда / Металлы'),
(47, 13, 'Автомобилестроение'),
(48, 13, 'Аэрокосмическая промышленность'),
(49, 13, 'Деревообработка'),
(50, 13, 'Кораблестроение'),
(51, 13, 'Машиностроение'),
(52, 13, 'Металлургия'),
(53, 13, 'Нанотехнологии'),
(54, 13, 'Полупроводники'),
(55, 13, 'Радиоэлектроника'),
(56, 13, 'Стекло / Керамика / Цемент'),
(57, 13, 'Текстиль / Лёгкая промышленность'),
(58, 13, 'Химия / Нефтехимия'),
(59, 13, 'Электроэнергетика'),
(60, 14, 'Гостиницы / Дома отдыха'),
(61, 14, 'Казино / Игорный бизнес'),
(62, 14, 'Организация отдыха / развлечений'),
(63, 14, 'Рестораны / Кафе'),
(64, 14, 'Спорт / Фитнес'),
(65, 14, 'Туризм / Путешествия'),
(66, 15, 'Животноводство'),
(67, 15, 'Растениеводство'),
(68, 15, 'Рыболовство'),
(69, 16, 'Архитектура / Проектирование'),
(70, 16, 'Строительные работы'),
(71, 17, 'Алкоголь'),
(72, 17, 'Бытовая электроника'),
(73, 17, 'Косметика / Бытовая химия'),
(74, 17, 'Мебель / Аксессуары'),
(75, 17, 'Одежда / Обувь'),
(76, 17, 'Потребительские услуги / сервисы'),
(77, 17, 'Предметы роскоши'),
(78, 17, 'Продукты питания'),
(79, 17, 'Табак'),
(80, 18, 'Импорт / Экспорт'),
(81, 18, 'Корпоративные продажи'),
(82, 18, 'Оптовая торговля'),
(83, 18, 'Розничные продажи'),
(84, 18, 'Сопровождение продаж'),
(85, 19, 'Авиаперевозки'),
(86, 19, 'Автоперевозки'),
(87, 19, 'ЖД-перевозки'),
(88, 19, 'Морские перевозки'),
(89, 20, 'IB / Инвестиционные услуги'),
(90, 20, 'Банковская деятельность'),
(91, 20, 'Бухгалтерия / Аудит'),
(92, 20, 'Прямые инвестиции'),
(93, 20, 'Страхование'),
(94, 20, 'Финансовые рынки / Трейдинг'),
(95, 21, ''),
(96, 22, 'Адвокатские услуги'),
(97, 22, 'Нотариальная служба'),
(98, 22, 'Юридические консультации / услуги'),
(109, 4, 'Изобразительное искусство / Дизайн');

-- --------------------------------------------------------

--
-- Структура таблицы `user__profit_group`
--

CREATE TABLE IF NOT EXISTS `user__profit_group` (
  `id` int(11) NOT NULL AUTO_INCREMENT,
  `name` text NOT NULL,
  PRIMARY KEY (`id`)
) ENGINE=MyISAM  DEFAULT CHARSET=utf8 AUTO_INCREMENT=23 ;

--
-- Дамп данных таблицы `user__profit_group`
--

INSERT INTO `user__profit_group` (`id`, `name`) VALUES
(1, 'IT / Интернет / Телеком'),
(2, 'Антиквариат'),
(3, 'Государственная служба'),
(4, 'Искусство / Культура'),
(5, 'Корпоративные услуги'),
(6, 'Маркетинг / Реклама / PR'),
(7, 'Медиа'),
(8, 'Медицина / Здравоохранение'),
(9, 'Недвижимость'),
(10, 'Некоммерческие организации'),
(11, 'Образование / Наука'),
(12, 'Полезные ископаемые /  Добыча'),
(13, 'Промышленность'),
(14, 'Развлечения / Отдых / Спорт'),
(15, 'Сельское хозяйство'),
(16, 'Строительство'),
(17, 'Товары народного потребления'),
(18, 'Торговля'),
(19, 'Транспорт / Логистика'),
(20, 'Финансы / Банки / Инвестиции'),
(21, 'Экология / защита окружающей среды'),
(22, 'Юридическая служба');

-- --------------------------------------------------------

--
-- Структура таблицы `user__rating`
--

CREATE TABLE IF NOT EXISTS `user__rating` (
  `rate_value` float DEFAULT NULL,
  `rater_id` int(11) DEFAULT NULL,
  `user_id` int(11) NOT NULL,
  KEY `user_id` (`user_id`)
) ENGINE=MyISAM DEFAULT CHARSET=utf8;

-- --------------------------------------------------------

--
-- Структура таблицы `user__reference`
--

CREATE TABLE IF NOT EXISTS `user__reference` (
  `user_id` int(11) NOT NULL,
  `referencer_id` int(11) DEFAULT NULL,
  `reference_text` text,
  KEY `user_id` (`user_id`)
) ENGINE=MyISAM DEFAULT CHARSET=utf8;

-- --------------------------------------------------------

--
-- Структура таблицы `user__status`
--

CREATE TABLE IF NOT EXISTS `user__status` (
  `id` int(11) NOT NULL AUTO_INCREMENT,
  `name` varchar(20) DEFAULT NULL,
  PRIMARY KEY (`id`)
) ENGINE=MyISAM DEFAULT CHARSET=utf8 AUTO_INCREMENT=1 ;

-- --------------------------------------------------------

--
-- Структура таблицы `user__userutility`
--

CREATE TABLE IF NOT EXISTS `user__userutility` (
  `user_id` int(11) NOT NULL,
  `utility_id` int(11) NOT NULL,
  UNIQUE KEY `user_id` (`user_id`,`utility_id`)
) ENGINE=MyISAM DEFAULT CHARSET=utf8;

--
-- Дамп данных таблицы `user__userutility`
--

INSERT INTO `user__userutility` (`user_id`, `utility_id`) VALUES
(1, 16),
(1, 19),
(60, 17),
(241, 1),
(254, 2),
(254, 16),
(266, 1),
(266, 2),
(266, 16),
(266, 17),
(266, 19),
(278, 1),
(278, 16),
(278, 17),
(278, 19),
(288, 19),
(298, 19),
(312, 1),
(312, 16),
(312, 17),
(312, 19),
(313, 17),
(313, 19),
(371, 1),
(371, 16),
(371, 17),
(371, 19),
(386, 19),
(389, 1),
(389, 16),
(389, 17),
(390, 16),
(390, 19),
(405, 17),
(405, 19),
(424, 1),
(424, 2),
(424, 17),
(430, 1),
(430, 19),
(474, 16),
(474, 19),
(476, 1),
(476, 16),
(476, 17),
(476, 19),
(546, 17),
(546, 19),
(577, 16),
(577, 19),
(582, 17),
(582, 19),
(589, 1),
(589, 2),
(589, 16),
(589, 17),
(589, 19),
(606, 1),
(606, 16),
(606, 19),
(650, 1),
(650, 16),
(650, 17),
(664, 16),
(664, 17),
(664, 19),
(673, 19),
(687, 17),
(687, 19),
(695, 1),
(695, 16),
(695, 17),
(695, 19),
(698, 1),
(698, 16),
(698, 17),
(698, 19),
(724, 1),
(724, 16),
(724, 17),
(724, 19),
(739, 2),
(739, 16),
(739, 19),
(744, 1),
(744, 17),
(805, 17),
(807, 16),
(815, 17),
(815, 19),
(819, 1),
(819, 16),
(819, 19),
(824, 19),
(890, 16),
(890, 17),
(890, 19),
(901, 1),
(901, 17),
(901, 19),
(964, 16),
(964, 17),
(967, 1),
(967, 17),
(974, 17),
(974, 19),
(978, 17),
(978, 19),
(984, 1),
(984, 16),
(984, 19),
(988, 17),
(998, 19),
(1017, 17),
(1020, 2),
(1020, 19),
(1028, 1),
(1030, 1),
(1030, 16),
(1030, 19),
(1032, 1),
(1092, 2),
(1092, 16),
(1092, 19),
(1093, 19),
(1104, 17),
(1122, 16),
(1122, 17),
(1141, 16),
(1141, 19),
(1165, 17),
(1171, 17),
(1171, 19),
(1180, 1),
(1192, 1),
(1192, 16),
(1192, 17),
(1192, 19),
(1216, 17),
(1279, 17),
(1288, 1),
(1288, 17),
(1288, 19),
(1312, 17),
(1338, 19),
(1344, 16),
(1344, 19),
(1346, 1),
(1346, 2),
(1346, 16),
(1346, 17),
(1346, 19),
(1364, 1),
(1364, 2),
(1364, 17),
(1379, 17),
(1394, 17),
(1394, 19),
(1396, 16),
(1396, 19),
(1426, 1),
(1426, 16),
(1426, 17),
(1437, 1),
(1437, 19),
(1768, 19),
(1781, 1),
(1781, 17),
(1782, 19),
(1789, 16),
(1789, 19),
(1796, 17),
(1801, 17),
(1801, 19),
(1820, 1),
(1820, 17),
(1821, 16),
(1821, 17),
(1821, 19),
(1857, 1),
(1857, 17),
(1857, 19),
(1858, 19),
(1895, 16),
(1895, 17),
(1895, 19),
(1902, 1),
(1909, 16),
(1909, 17),
(1933, 1),
(1939, 19),
(1944, 2),
(1946, 17),
(1946, 19),
(1973, 17),
(1975, 17),
(1988, 1),
(1988, 16),
(1988, 17),
(1990, 1),
(1990, 17),
(1997, 16),
(1997, 19),
(2001, 19),
(2010, 19),
(2012, 16),
(2012, 17),
(2012, 19),
(2022, 17),
(2030, 16),
(2030, 17),
(2034, 17),
(2034, 19),
(2039, 19),
(2047, 17),
(2047, 19),
(2056, 17),
(2056, 19),
(2060, 1),
(2060, 16),
(2064, 17),
(2064, 19),
(2065, 19),
(2079, 17),
(2084, 17),
(2094, 1),
(2094, 19),
(2103, 1),
(2103, 17),
(2103, 19),
(2104, 16),
(2104, 19),
(2149, 19),
(2163, 16),
(2163, 17),
(2174, 1),
(2174, 17),
(2174, 19),
(2184, 17),
(2191, 1),
(2191, 2),
(2191, 16),
(2191, 17),
(2191, 19),
(2196, 17),
(2196, 19),
(2224, 16),
(2224, 19);

-- --------------------------------------------------------

--
-- Структура таблицы `user__utility`
--

CREATE TABLE IF NOT EXISTS `user__utility` (
  `id` int(11) NOT NULL AUTO_INCREMENT,
  `name` varchar(50) NOT NULL,
  PRIMARY KEY (`id`)
) ENGINE=MyISAM  DEFAULT CHARSET=utf8 AUTO_INCREMENT=23 ;

--
-- Дамп данных таблицы `user__utility`
--

INSERT INTO `user__utility` (`id`, `name`) VALUES
(1, 'Что-то2'),
(2, 'Что-то3'),
(16, 'Что-то4'),
(21, 'Что-то6'),
(17, 'Что-то1'),
(19, 'Что-то5'),
(22, 'Что-то7');

-- --------------------------------------------------------

--
-- Дублирующая структура для представления `view__catalog_list_property`
--
CREATE TABLE IF NOT EXISTS `view__catalog_list_property` (
`name` varchar(250)
,`flag_disc` int(11)
,`value_list` int(11)
,`value` varchar(500)
,`id_model_god` int(11) unsigned
,`id_model` int(10) unsigned
,`id_modification` int(11)
,`id_property` bigint(20) unsigned
,`id` bigint(20) unsigned
);
-- --------------------------------------------------------

--
-- Дублирующая структура для представления `view__catalog_model_god`
--
CREATE TABLE IF NOT EXISTS `view__catalog_model_god` (
`id` int(11) unsigned
,`id_model` bigint(20) unsigned
,`id_trademark` bigint(20) unsigned
,`name` varchar(250)
,`god` varchar(250)
,`modification_id` int(11)
,`id_photo` int(11)
,`display` tinyint(4)
);
-- --------------------------------------------------------

--
-- Дублирующая структура для представления `view__catalog_modification_god`
--
CREATE TABLE IF NOT EXISTS `view__catalog_modification_god` (
`id` int(11) unsigned
,`id_model` bigint(20) unsigned
,`id_trademark` bigint(20) unsigned
,`name` varchar(250)
,`god` varchar(250)
,`modification_id` int(11)
,`id_photo` int(11)
,`display` tinyint(4)
,`modification` varchar(250)
);
-- --------------------------------------------------------

--
-- Дублирующая структура для представления `view__users_profit`
--
CREATE TABLE IF NOT EXISTS `view__users_profit` (
`id` int(11)
,`profgroup` text
,`profname` text
);
-- --------------------------------------------------------

--
-- Дублирующая структура для представления `view__users_search`
--
CREATE TABLE IF NOT EXISTS `view__users_search` (
`id` int(11)
,`nikname` varchar(150)
,`gender` varchar(11)
,`country` varchar(50)
,`city` varchar(150)
,`metro` varchar(150)
,`street` varchar(100)
,`latitude` float(9,5)
,`longitude` float(9,5)
);
-- --------------------------------------------------------

--
-- Структура для представления `view__catalog_list_property`
--
DROP TABLE IF EXISTS `view__catalog_list_property`;

CREATE ALGORITHM=UNDEFINED DEFINER=`root`@`localhost` SQL SECURITY DEFINER VIEW `view__catalog_list_property` AS select `catalog__data_list_property`.`name` AS `name`,`catalog__model_property`.`flag_disc` AS `flag_disc`,`catalog__model_property`.`value_list` AS `value_list`,`catalog__model_property`.`value` AS `value`,`catalog__model_property`.`id_model_god` AS `id_model_god`,`catalog__model_property`.`id_model` AS `id_model`,`catalog__model_property`.`id_modification` AS `id_modification`,`catalog__model_property`.`id_property` AS `id_property`,`catalog__model_property`.`id` AS `id` from (`catalog__model_property` join `catalog__data_list_property` on((`catalog__model_property`.`value_list` = `catalog__data_list_property`.`id`)));

-- --------------------------------------------------------

--
-- Структура для представления `view__catalog_model_god`
--
DROP TABLE IF EXISTS `view__catalog_model_god`;

CREATE ALGORITHM=UNDEFINED DEFINER=`root`@`localhost` SQL SECURITY DEFINER VIEW `view__catalog_model_god` AS select `cmg`.`id` AS `id`,`cm`.`id` AS `id_model`,`cm`.`id_trademark` AS `id_trademark`,`cm`.`name` AS `name`,`cmg`.`god` AS `god`,`cmg`.`modification_id` AS `modification_id`,`cmg`.`id_photo` AS `id_photo`,`cm`.`display` AS `display` from (`catalog__model` `cm` left join `catalog__model_god` `cmg` on((`cm`.`id` = `cmg`.`id_model`)));

-- --------------------------------------------------------

--
-- Структура для представления `view__catalog_modification_god`
--
DROP TABLE IF EXISTS `view__catalog_modification_god`;

CREATE ALGORITHM=UNDEFINED DEFINER=`root`@`localhost` SQL SECURITY DEFINER VIEW `view__catalog_modification_god` AS select `cmg`.`id` AS `id`,`cm`.`id` AS `id_model`,`cm`.`id_trademark` AS `id_trademark`,`cm`.`name` AS `name`,`cmg`.`god` AS `god`,`cmg`.`modification_id` AS `modification_id`,`cmg`.`id_photo` AS `id_photo`,`cm`.`display` AS `display`,`catalog__model_modification`.`modification` AS `modification` from ((`catalog__model` `cm` left join `catalog__model_modification` on((`catalog__model_modification`.`id_model` = `cm`.`id`))) left join `catalog__model_god` `cmg` on((`catalog__model_modification`.`id` = `cmg`.`modification_id`)));

-- --------------------------------------------------------

--
-- Структура для представления `view__users_profit`
--
DROP TABLE IF EXISTS `view__users_profit`;

CREATE ALGORITHM=UNDEFINED DEFINER=`root`@`localhost` SQL SECURITY DEFINER VIEW `view__users_profit` AS select `user__profit`.`id` AS `id`,`user__profit_group`.`name` AS `profgroup`,`user__profit`.`name` AS `profname` from (`user__profit` join `user__profit_group`) where (`user__profit_group`.`id` = `user__profit`.`profit_group_id`);

-- --------------------------------------------------------

--
-- Структура для представления `view__users_search`
--
DROP TABLE IF EXISTS `view__users_search`;

CREATE ALGORITHM=UNDEFINED DEFINER=`root`@`localhost` SQL SECURITY DEFINER VIEW `view__users_search` AS select `u`.`id` AS `id`,`u`.`nikname` AS `nikname`,(case when (`u`.`gender` = _utf8'male') then `u`.`gender` else _utf8'Не известно' end) AS `gender`,(case when (`lcn`.`name` is not null) then `lcn`.`name` else _utf8'Не известно' end) AS `country`,(case when (`lc`.`name` is not null) then `lc`.`name` else _utf8'Не известно' end) AS `city`,(case when (`lm`.`name` is not null) then `lm`.`name` else _utf8'Не известно' end) AS `metro`,(case when ((`u`.`street` is not null) and (trim(`u`.`street`) <> _utf8'')) then `u`.`street` else _utf8'Не известно' end) AS `street`,`u`.`latitude` AS `latitude`,`u`.`longitude` AS `longitude` from (((`user` `u` left join `location__cities` `lc` on((`u`.`city_id` = `lc`.`id`))) left join `location__metroes` `lm` on((`u`.`metro_id` = `lm`.`id`))) left join `location__countries` `lcn` on((`lc`.`country_id` = `lcn`.`id`))) where (`u`.`status` = _utf8'active');

/*!40101 SET CHARACTER_SET_CLIENT=@OLD_CHARACTER_SET_CLIENT */;
/*!40101 SET CHARACTER_SET_RESULTS=@OLD_CHARACTER_SET_RESULTS */;
/*!40101 SET COLLATION_CONNECTION=@OLD_COLLATION_CONNECTION */;
